"sep=,"
"received_message","pattern_matching","reply_message","multiple_replies","multiple_reply_delay","multiple_reply_delay_max","recipients","contacts","ignored_contacts","reply_delay","reply_delay_max","specific_times","monday","tuesday","wednesday","thursday","friday","saturday","sunday","pause_type","pause_value","disabled","subrule_of","go_to_rule","req_screen_off","req_charging","req_silent","req_do_not_disturb","req_car_mode","prev_rule_timeout","priority_alert","probability","package_names","label","_id"
";menu","none","â•”â•â”‰âœ¼â”‰â•â—ˆâœ¼â›©ï¸ï¸âœ¼â—ˆâ•â”‰âœ¼â”‰â•â•—\nâ•‘    GREGORY - BOT MD\nâ•šâ•â”‰âœ¼â”‰â•â—ˆâœ¼â›©ï¸ï¸âœ¼â—ˆâ•â”‰âœ¼â”‰â•â•\nâ•”â•â”‰âœ¼â”‰â•â—ˆâœ¼â›©ï¸ï¸âœ¼â—ˆâ•â”‰âœ¼â”‰â•â•—\nâœ¦  Criador: /void\nâœ¦  Dono:+55 31 8463-4849\nâœ¦  Ano:%year%\nâœ¦  MÃªs:%month%\nâœ¦  UsuÃ¡rio:%name%\nâœ¦  Grupo:%chat_name%\nâœ¦  Prefixo: ( ; )\nâ•šâ•â”‰âœ¼â”‰â•â—ˆâœ¼â›©ï¸ï¸âœ¼â—ˆâ•â”‰âœ¼â”‰â•â•                 \nâ€â€â€â€â€â€â€â€â€â€â€â€â€â€â€â€â€â€â€â€â€â€â€â€â€â€â€â€â€â€â€â€â€â€â€â€â€â€â€â€â€â€â€â€â€â€â€â€â€â€â€â€â€â€â€â€â€â€â€â€â€â€â€â€â€â€â€â€â€â€â€â€â€â€â€â€â€â€â€â€â€â€â€â€â€â€â€â€â€â€â€â€â€â€â€â€â€â€â€â€â€â€â€â€â€â€â€â€â€â€â€â€â€â€â€â€â€â€â€â€â€â€â€â€â€â€â€â€â€â€â€â€â€â€â€â€â€â€â€â€â€â€â€â€â€â€â€â€â€â€â€â€â€â€â€â€â€â€â€â€â€â€â€â€â€â€â€â€â€â€â€â€â€â€â€â€â€â€â€â€â€â€â€â€â€â€â€â€â€â€â€â€â€â€â€â€â€â€â€â€â€â€â€â€â€â€â€â€â€â€â€â€â€â€â€â€â€â€â€â€â€â€â€â€â€â€â€â€â€â€â€â€â€â€â€â€â€â€â€â€â€â€â€â€â€â€â€â€â€â€â€â€â€â€â€â€â€â€â€â€â€â€â€â€â€â€â€â€â€â€â€â€â€â€â€â€â€â€â€â€â€â€â€â€â€â€â€â€â€â€â€â€â€â€â€â€â€â€â€â€â€â€â€â€â€â€â€â€â€â€â€â€â€â€â€â€â€â€â€â€â€â€â€â€â€â€â€â€â€â€â€â€â€â€â€â€â€â€â€â€â€â€â€â€â€â€â€â€â€â€â€â€â€â€â€â€â€â€â€â€â€â€â€â€â€â€â€â€â€â€â€â€â€â€â€â€â€â€â€â€â€â€â€â€â€â€â€â€â€â€â€â€â€â€â€â€â€â€â€â€â€â€â€â€â€â€â€â€â€â€â€â€â€â€â€â€â€â€â€â€â€â€â€â€â€â€â€â€â€â€â€â€â€â€â€â€â€â€â€â€â€â€â€â€â€â€â€â€â€â€â€â€â€â€â€â€â€â€â€â€â€â€â€â€â€â€â€â€â€â€â€â€â€â€â€â€â€â€â€â€â€â€â€â€â€â€â€â€â€â€â€â€â€â€â€â€â€â€â€â€â€â€â€â€â€â€â€â€â€â€â€â€â€â€â€â€â€â€â€â€â€â€â€â€â€â€â€â€â€â€â€â€â€â€â€â€â€â€â€â€â€â€â€â€â€â€â€â€â€â€â€â€â€â€â€â€â€â€â€â€â€â€â€â€â€â€â€â€â€â€â€â€â€â€â€â€â€â€â€â€â€â€â€â€â€â€â€â€â€â€â€â€â€â€â€â€â€â€â€â€â€â€â€â€â€â€â€â€â€â€â€â€â€â€â€â€â€â€â€â€â€â€â€â€â€â€â€â€â€â€â€â€â€â€â€â€â€â€â€â€â€â€â€â€â€â€â€â€â€â€â€â€â€â€â€â€â€â€â€â€â€â€â€â€â€â€â€â€â€â€â€â€â€â€â€â€â€â€â€â€â€â€â€â€â€â€â€â€â€â€â€â€â€â€â€â€â€â€â€â€â€â€â€â€â€â€â€â€â€â€â€â€â€â€â€â€â€â€â€â€â€â€â€â€â€â€â€â€â€â€â€â€â€â€â€â€â€â€â€â€â€â€â€â€â€â€â€â€â€â€â€â€â€â€â€â€â€â€â€â€â€â€â€â€â€â€â€â€â€â€â€â€â€â€â€â€â€â€â€â€â€â€â€â€â€â€â€â€â€â€â€â€â€â€â€â€â€â€â€â€â€â€â€â€â€â€â€â€â€â€â€â€â€â€â€â€â€â€â€â€â€â€â€â€â€â€â€â€â€â€â€â€â€â€â€â€â€â€â€â€â€â€â€â€â€â€â€â€â€â€â€â€â€â€â€â€â€â€â€â€â€â€â€â€â€â€â€â€â€â€â€â€â€â€â€â€â€â€â€â€â€â€â€â€â€â€â€â€â€â€â€â€â€â€â€â€â€â€â€â€â€â€â€â€â€â€â€â€â€â€â€â€â€â€â€â€â€â€â€â€â€â€â€â€â€â€â€â€â€â€â€â€â€â€â€â€â€â€â€â€â€â€â€â€â€â€â€â€â€â€â€â€â€â€â€â€â€â€â€â€â€â€â€â€â€â€â€â€â€â€â€â€â€â€â€â€â€â€â€â€â€â€â€â€â€â€â€\nâ•”â•â”‰âœ¼â”‰â•â—ˆâœ¼â›©ï¸ï¸âœ¼â—ˆâ•â”‰âœ¼â”‰â•â•—\nâ•‘        [ ğ‘€ğ¸ğ‘ğ‘ˆ ğºğ¸ğ‘…ğ´ğ¿ ]\nâ•šâ•â”‰âœ¼â”‰â•â—ˆâœ¼â›©ï¸ï¸âœ¼â—ˆâ•â”‰âœ¼â”‰â•â•\nâ•”â•â”‰âœ¼â”‰â•â—ˆâœ¼â›©ï¸ï¸âœ¼â—ˆâ•â”‰âœ¼â”‰â•â•—\nâœ¦ğŸ“œ ;menuadm\nâœ¦ğŸ“œ ;menuanime\nâœ¦ğŸ“œ ;menubrincadeiras\nâœ¦ğŸ“œ ;menuemoji\nâœ¦ğŸ“œ ;menufrases\nâœ¦ğŸ“œ ;menumediafire\nâœ¦ğŸ“œ ;menunews\nâ•šâ•â”‰âœ¼â”‰â•â—ˆâœ¼â›©ï¸ï¸âœ¼â—ˆâ•â”‰âœ¼â”‰â•â•\n\nâ•”â•â”‰âœ¼â”‰â•â—ˆâœ¼â›©ï¸ï¸âœ¼â—ˆâ•â”‰âœ¼â”‰â•â•—\nâ•‘ [ ğ‘€ğ¸ğ‘ğ‘ˆ ğ´ğ¿ğ¸ğ´ğ‘‡ğ‘‚Ìğ‘…ğ¼ğ‘‚ğ‘† ]\nâ•šâ•â”‰âœ¼â”‰â•â—ˆâœ¼â›©ï¸ï¸âœ¼â—ˆâ•â”‰âœ¼â”‰â•â•\nâ•”â•â”‰âœ¼â”‰â•â—ˆâœ¼â›©ï¸ï¸âœ¼â—ˆâ•â”‰âœ¼â”‰â•â•—\nâœ¦ğŸ² ;alugar\nâœ¦ğŸ² ;gerarnick\nâœ¦ğŸ² ;fatos\nâœ¦ğŸ² ;piadas\nâœ¦ğŸ² ;criarbio\nâœ¦ğŸ² ;play\nâœ¦ğŸ² ;grupos\nâœ¦ğŸ² ;sÃ­mbolonull\nâ•šâ•â”‰âœ¼â”‰â•â—ˆâœ¼â›©ï¸ï¸âœ¼â—ˆâ•â”‰âœ¼â”‰â•â•\n\nâ•”â•â”‰âœ¼â”‰â•â—ˆâœ¼â›©ï¸ï¸âœ¼â—ˆâ•â”‰âœ¼â”‰â•â•—\nâ•‘ [  ğ‘€ğ¸ğ‘ğ‘ˆ ğ¼ğ‘ğ¹ğ‘‚ ]\nâ•šâ•â”‰âœ¼â”‰â•â—ˆâœ¼â›©ï¸ï¸âœ¼â—ˆâ•â”‰âœ¼â”‰â•â•\nâ•”â•â”‰âœ¼â”‰â•â—ˆâœ¼â›©ï¸ï¸âœ¼â—ˆâ•â”‰âœ¼â”‰â•â•—\nâœ¦ğŸ“Š ;ping\nâœ¦ğŸ“Š ;infodono\nâœ¦ğŸ“Š ;sobre\nâœ¦ğŸ“Š ;canalbot\nâœ¦ğŸ“Š ;grupobot\nâ•šâ•â”‰âœ¼â”‰â•â—ˆâœ¼â›©ï¸ï¸âœ¼â—ˆâ•â”‰âœ¼â”‰â•â•\n\nâ•”â•â”‰âœ¼â”‰â•â—ˆâœ¼â›©ï¸ï¸âœ¼â—ˆâ•â”‰âœ¼â”‰â•â•—\nâ•‘[ ğ‘€ğ¸ğ‘ğ‘ˆ ğ‘ƒğ¿ğ´ğ‘Œ ]\nâ•šâ•â”‰âœ¼â”‰â•â—ˆâœ¼â›©ï¸ï¸âœ¼â—ˆâ•â”‰âœ¼â”‰â•â•\nâ•”â•â”‰âœ¼â”‰â•â—ˆâœ¼â›©ï¸ï¸âœ¼â—ˆâ•â”‰âœ¼â”‰â•â•—\nâœ¦ğŸ“‚ ;ğ‘Œğ‘œğ‘¢ğ‘‡ğ‘¢ğ‘ğ‘’\nâœ¦ğŸ“‚ ;ğ‘Šğ‘–ğ‘˜ğ‘–ğ‘ğ‘’Ìğ‘‘ğ‘–ğ‘\nâ•šâ•â”‰âœ¼â”‰â•â—ˆâœ¼â›©ï¸ï¸âœ¼â—ˆâ•â”‰âœ¼â”‰â•â•\n\nâ•”â•â”‰âœ¼â”‰â•â—ˆâœ¼â›©ï¸ï¸âœ¼â—ˆâ•â”‰âœ¼â”‰â•â•—\nâ•‘ [  ğ‘€ğ¸ğ‘ğ‘ˆ ğ½ğ‘‚ğºğ‘‚ğ‘† ]\nâ•šâ•â”‰âœ¼â”‰â•â—ˆâœ¼â›©ï¸ï¸âœ¼â—ˆâ•â”‰âœ¼â”‰â•â•\nâ•”â•â”‰âœ¼â”‰â•â—ˆâœ¼â›©ï¸ï¸âœ¼â—ˆâ•â”‰âœ¼â”‰â•â•—\nâœ¦ğŸ® ;mypoder\nâœ¦ğŸ® ;myperfil\nâœ¦ğŸ® ;enigma\nâœ¦ğŸ® ;c\nâœ¦ğŸ® ;conselho\nâ•šâ•â”‰âœ¼â”‰â•â—ˆâœ¼â›©ï¸ï¸âœ¼â—ˆâ•â”‰âœ¼â”‰â•â•\n\nâ•”â•â”‰âœ¼â”‰â•â—ˆâœ¼â›©ï¸ï¸âœ¼â—ˆâ•â”‰âœ¼â”‰â•â•—\nâ€¢ CANAL DO BOT\nhttps://whatsapp.com/channel/0029VarJFfTKrWQqdoJwLm21\nâ•šâ•â”‰âœ¼â”‰â•â—ˆâœ¼â›©ï¸ï¸âœ¼â—ˆâ•â”‰âœ¼â”‰â•â•","single","","","b","","","8","12","0","","","","","","","","seconds","5","0","","",,,,,,,,,,,"1"
";sobre","none","à¼» ğ‘†ğ‘œğ‘ğ‘Ÿğ‘’ ğ‘œ ğµğ‘œğ‘¡  à¼º\nğºğ‘Ÿğ‘’ğ‘”ğ‘œğ‘Ÿğ‘¦ ğµğ‘œğ‘¡ PG Ã© um bot totalmente ğ¹ğ‘…ğ¸ğ¸, desenvolvido com dedicaÃ§Ã£o por Void.","single","","","b","","","","","0","","","","","","","","seconds","0","0","","",,,,,,,,,,,"2"
";alugar","none","ğŸŒŸ ğ´ğ‘™ğ‘¢ğ‘”ğ‘¢ğ‘’ ğ‘œ ğºğ‘Ÿğ‘’ğ‘”ğ‘œğ‘Ÿğ‘¦ ğµğ‘œğ‘¡ â„ğ‘œğ‘—ğ‘’ ğ‘šğ‘’ğ‘ ğ‘šğ‘œ! ğŸŒŸ\n\nAceitamos como moeda de troca:\nâ¤ Canais do WhatsApp com +30 subs\nâ¤ Grupos com +20 membros\nâ¤ 20 Amora Coins\n\n\n---\n\nğŸ– BenefÃ­cios para UsuÃ¡rios VIP:\nâ¤ Canais com +20 subs\nâ¤ Grupos com pelo menos 10 membros\nâ¤ 10 Amora Coins","single","","","b","","","","","0","","","","","","","","seconds","0","0","","",,,,,,,,,,,"3"
"oi bot","none","ğŸ˜ŠolÃ¡ como posso ajudar?","single","","","b","","","","","0","","","","","","","","seconds","0","0","","",,,,,,,,,,,"4"
";gerarnick","none","ğ‘´ğ‘¹ ğ’†ğ’—ğ’‚ğ’<#>ğ‘¨ğ‘¿ğ‘¶ğ‘³ğ‘¶ğ‘»ğ‘³<#>ğ‘ªğ‘¨ğ‘ºğ‘ºğ‘°ğ‘«ğ’€<#>ğ‘®ğ‘¶ğ‘«","random","","","b","","","","","0","","","","","","","","seconds","0","0","","",,,,,,,,,,,"5"
";trava2","none","âš”ï¸ Comando indisponÃ­vel ğŸ›¡","single","","","b","","","","","0","","","","","","","","seconds","0","0","","",,,,,,,,,,,"9"
";c","none","ğŸ˜VocÃª Ã© 30% confiÃ¡vel<#>ğŸ˜„VocÃª Ã© 90% confiÃ¡vel<#>ğŸ˜œVocÃª Ã© 200% confiÃ¡vel<#>ğŸ¤¬VocÃª Ã© 0% confiÃ¡vel","random","","","b","","","","","0","","","","","","","","seconds","0","0","","",,,,,,,,,,,"10"
";conselho","none","ğ‘†ğ‘’ğ‘šğ‘ğ‘Ÿğ‘’ ğ‘¡ğ‘’ğ‘›â„ğ‘ ğ‘¢ğ‘š ğ‘ğ‘™ğ‘ğ‘›ğ‘œ ğµ<#>ğ¶ğ‘œğ‘›ğ‘“ğ‘–ğ‘’ ğ‘›ğ‘œğ‘  ğ‘ ğ‘’ğ‘¢ğ‘  ğ‘’ğ‘¥ğ‘¡ğ‘–ğ‘›ğ‘¡ğ‘œğ‘  ğ‘ ğ‘’ ğ‘ğ‘™ğ‘”ğ‘œ ğ‘ğ‘ğ‘Ÿğ‘’ğ‘ğ‘’ ğ‘’ğ‘Ÿğ‘Ÿğ‘ğ‘‘ğ‘œ ğ‘ğ‘Ÿğ‘œğ‘£ğ‘ğ‘£ğ‘’ğ‘™ğ‘šğ‘’ğ‘›ğ‘¡ğ‘’ ğ‘’ğ‘ ğ‘¡ğ‘Ì<#>ğ´ğ‘›ğ‘Ìğ‘™ğ‘–ğ‘ ğ‘’ ğ‘ ğ‘’ğ‘¢ğ‘  ğ‘ğ‘Ÿğ‘Ÿğ‘’ğ‘‘ğ‘œğ‘Ÿğ‘’ğ‘  ğ‘ğ‘›ğ‘¡ğ‘’ğ‘  ğ‘‘ğ‘’ ğ‘“ğ‘ğ‘§ğ‘’ğ‘Ÿ ğ‘ğ‘¢ğ‘ğ‘™ğ‘ğ‘¢ğ‘’ğ‘Ÿ ğ‘šğ‘œğ‘£ğ‘–ğ‘šğ‘’ğ‘›ğ‘¡ğ‘œ<#>ğ¿ğ‘’ğ‘šğ‘ğ‘Ÿğ‘’ğ‘ ğ‘’ ğ‘›ğ‘’ğ‘š ğ‘¡ğ‘œğ‘‘ğ‘œ ğ‘’ ğ‘œğ‘ ğ‘ğ‘ğ‘Ÿğ‘’ğ‘ğ‘’<#>ğ¶ğ‘œğ‘Ÿğ‘ğ‘”ğ‘’ğ‘š ğ‘’ ğ‘–ğ‘šğ‘ğ‘œğ‘Ÿğ‘¡ğ‘ğ‘›ğ‘¡ğ‘’ ğ‘šğ‘ğ‘–ğ‘  ğ‘–ğ‘›ğ‘¡ğ‘’ğ‘™ğ‘–ğ‘”ğ‘’Ì‚ğ‘›ğ‘ğ‘–ğ‘ ğ‘’ ğ‘’ğ‘ ğ‘ ğ‘’ğ‘›ğ‘ğ‘–ğ‘ğ‘™<#>ğ¿ğ‘’ğ‘šğ‘ğ‘Ÿğ‘’-ğ‘ ğ‘’ ğ‘£ğ‘œğ‘ğ‘’Ì‚ ğ‘›ğ‘œ ğ‘’ğ‘ ğ‘¡ğ‘Ì ğ‘ ğ‘œğ‘§ğ‘–ğ‘›â„ğ‘œ (ğ‘)<#>ğ‘‰ğ‘œğ‘ğ‘’Ì‚ ğ‘’Ì ğ‘ğ‘ğ‘ğ‘ğ‘§<#>ğŸ‘ğ·ğ‘’ğ‘Ÿğ‘Ÿğ‘¢ğ‘ğ‘’ ğ‘¢ğ‘š ğ‘’ğ‘™ğ‘’ğ‘£ğ‘ğ‘‘ğ‘œğ‘Ÿ ğ¶ğ‘œğ‘š ğ‘ ğ‘ ğ‘¢ğ‘ ğ‘ğ‘šğ‘–ğ‘”ğ‘ ğ‘›ğ‘’ğ‘™ğ‘’<#>ğ‘†ğ‘’ğ‘šğ‘ğ‘Ÿğ‘’ ğ‘’Ì ğ‘œ ğ‘šğ‘œğ‘šğ‘’ğ‘›ğ‘¡ğ‘œ ğ‘ğ‘’ğ‘Ÿğ‘¡ğ‘œ","random","","","b","","","","","0","","","","","","","","seconds","0","0","","",,,,,,,,,,,"11"
";myperfil","none","áƒ“ .â€¢â€â€â€¢ ğ‘†ğ‘’ğ‘¢ ğ‘ƒğ‘’ğ‘Ÿğ‘“ğ‘–ğ‘™ â€¢â€â€â€¢. áƒ“\n\nâ”†ğŸ‘¤ Nome: /%name%\nâ”†ğŸ’° Dinheiro DisponÃ­vel: /%rndm_num_0_999%\nâ”†ğŸ NÃ­vel de Poder: /%rndm_num_0_999%\nâ”†ğŸ³â€ğŸŒˆ NÃ­vel de Gay: /%rndm_num_0_200%\nâ”†ğŸ§  QI: /%rndm_num_0_200%","single","","","b","","","1","1","0","","","","","","","","seconds","0","0","","",,,,,,,,,,,"12"
";ping","none",".â€¢â™«â€¢â™¬â€¢ ğ‘·ğ’Šğ’ğ’ˆ ğ’…ğ’ ğ‘©ğ’ğ’• â€¢â™¬â€¢â™«â€¢.\n\nğŸ“… Data: %year%/%month%/%day_of_month%\n\nâš¡ Mensagens processadas por segundo: /%processing_time%\nğŸ“¨ Respostas enviadas hoje: /%reply_count_day%\nğŸ“Š Total de respostas enviadas: /%reply_count%","single","","","b","","","","","0","","","","","","","","seconds","0","0","","",,,,,,,,,,,"13"
";mypoder","none","OlÃ¡, %name%!\n\nğŸª¬ VocÃª tem %rndm_num_0_100%% de poder.","single","","","b","","","","","0","","","","","","","","seconds","0","0","","",,,,,,,,,,,"15"
";fca","none","â™¬â€¢  ğ‘ªğ‘¶ğ‘´ğ‘¨ğ‘µğ‘«ğ‘¶ğ‘º ğ‘´ğ‘¨ğ‘°ğ‘º ğ‘¼ğ‘ºğ‘¨ğ‘«ğ‘¶ğ‘º ğ‘«ğ‘¶ ğ‘©ğ‘¶ğ‘»â€¢â™¬\n\nâ”†1- ;ğ‘´ğ‘Œğ‘·ğ‘¬ğ‘¹ğ‘­ğ‘°ğ‘³\nâ”†2- ;ğ‘šğ‘’ğ‘›ğ‘¢\nâ”†3- ğ¶ğ‘œğ‘›ğ‘ ğ‘’ğ‘™â„ğ‘œ","single","","","b","","","","","0","","","","","","","","seconds","0","0","","",,,,,,,,,,,"16"
";enigma","none","Eu passo pela Ã¡gua mais nunca fico molhado\n\nO que sou eu?<#>Pertence Ã  vocÃª mais outras pessoas usam mais que vocÃª oq sou?<#>sou a morte mais a vida\n\nOq sou?<#>Quando mais vocÃª tira mais. Fico cheio\n\nOq sou?<#>Tenho chaves mais nÃ£o tranco nada oq sou?","random","","","b","","","","","0","","","","","","","","seconds","25","0","","",,,,,,,,,,,"17"
";loja","none","à¼»ê« ğ‘™ğ‘œğ‘—ğ‘ ğ‘‘ğ‘œ ğºğ‘Ÿğ‘’ğ‘”ğ‘œğ‘Ÿğ‘¦ ğ‘ğ‘œğ‘¡ ê«à¼º\n\náƒ“ .â€¢*â€â€*â€¢ ğ‘–Ìğ‘¡ğ‘’ğ‘›ğ‘   â€¢*â€â€*â€¢.áƒ“\n;ğ‘ğ‘œğ‘šğ‘ğ‘Ÿğ‘ğ‘Ÿğ‘£ğ‘–ğ‘\n;ğ‘ğ‘™ğ‘¢ğ‘”ğ‘ğ‘Ÿ\n;ğ‘ğ‘œğ‘šğ‘ğ‘Ÿğ‘ğ‘Ÿğ‘‘ğ‘’ğ‘ ğ‘–ğ‘”ğ‘›\nâ—Œâ‘…âƒâ—â™¡â‹†â™¡  â™¡â‹†â™¡â—â‘…âƒâ—Œ\n\nğŸŒ™ğ´ğ‘ğ‘’ğ‘–ğ‘¡ğ‘ğ‘šğ‘œğ‘  ğ‘¡ğ‘Ÿğ‘œğ‘ğ‘ğ‘ ","single","","","b","","","","","0","","","","","","","","seconds","0","0","","",,,,,,,,,,,"18"
";gerarlink","none","ğŸ˜ƒ seu link de contato\n%name_url_encoded%","single","","","b","","","","","0","","","","","","","","seconds","0","0","","",,,,,,,,,,,"20"
";menuadm","none","à¼» ğ‘šğ‘’ğ‘›ğ‘¢ ğ‘ğ‘‘ğ‘šà¼º\n\náƒ“ .â€¢*â€â€*â€¢ ğ‘–ğ‘›ğ‘“ğ‘œğ‘  â€¢*â€â€*â€¢.áƒ“\nâ”†;ğ‘ğ‘¡ğ‘–ğ‘£ğ‘–ğ‘‘ğ‘ğ‘‘ğ‘’(ğ‘‘ğ‘œ ğ‘”ğ‘Ÿğ‘¢ğ‘ğ‘œ) \nâ”†ğ‘–ğ‘›ğ‘“ğ‘œğ‘”ğ‘\náƒ“ .â€¢*â€â€*â€¢  â€¢*â€â€*â€¢.áƒ“","single","","","b","","","","","0","","","","","","","","seconds","0","0","","",,,,,,,,,,,"22"
";infodono","none","à¼» ğ¼ğ‘ğ¹ğ‘‚ ğ·ğ‘‚ğ‘ğ‘‚à¼º\n\nğŸ˜ğ·ğ‘‚ğ‘ğ‘‚/ğ¸ğ‘‰ğ´ğ‘\nğŸ’«ğ‘ğ‘ˆÌğ‘€ğ¸ğ‘…ğ‘‚ ğµğ‘‚ğ‘‡ (+258 84 721 0337)\nğŸŒœğµğ‘œğ‘¡ ğ‘ğ‘–ğ‘ğ‘˜/ğºğ‘…ğ¸ğºğ‘‚ğ‘…ğ‘Œ ğµğ‘‚ğ‘‡ \nâœï¸ğ‘ƒğ‘Ÿğ‘’ğ‘“ğ‘–ğ‘¥ğ‘œ /"";""\nâœ…ğ‘†ğ‘¡ğ‘ğ‘¡ğ‘¢ğ‘ /ğ‘œğ‘›ğ‘™ğ‘–ğ‘›ğ‘’\nğŸ‘©â€ğŸ’»ğ‘‘ğ‘œğ‘›ğ‘œ/ğ‘£ğ‘œğ‘–ğ‘‘","single","","","b","","","","","0","","","","","","","","seconds","0","0","","",,,,,,,,,,,"21"
";atividade","none","â—¦â€¢â—â—‰âœ¿ ğ‘ğ‘¡ğ‘–ğ‘£ğ‘–ğ‘‘ğ‘ğ‘‘ğ‘’ ğ‘‘ğ‘œ ğ‘”ğ‘Ÿğ‘¢ğ‘ğ‘œâœ¿â—‰â—â€¢â—¦\n.â€¢â™«â€¢â™¬â€¢  â€¢â™¬â€¢â™«â€¢.\n\nğ‘ğ‘œğ‘šğ‘’ ğ‘‘ğ‘œ ğ‘”ğ‘Ÿğ‘¢ğ‘ğ‘œ\n%chat_name%\nğ‘ğ‘¢Ìğ‘šğ‘’ğ‘Ÿğ‘œ ğ‘‘ğ‘’ ğ‘šğ‘’ğ‘›ğ‘ ğ‘ğ‘”ğ‘’ğ‘›ğ‘  %reply_count_groups%\n.â€¢â™«â€¢â™¬â€¢  â€¢â™¬â€¢â™«â€¢.\n\nğŸ›¡ğ‘®ğ‘®ğ’€ ğ‘ºğ’€ğ‘ºğ‘»ğ‘¬ğ‘´ âš”ï¸","single","","","b","","","","","0","","","","","","","","seconds","0","0","","",,,,,,,,,,,"23"
";infogp","none","áƒ“ .â€¢*â€â€*â€¢ ğ‘–ğ‘›ğ‘“ğ‘œğ‘Ÿğ‘šğ‘ğ‘Ì§ğ‘œÌƒğ‘’ğ‘  ğ‘ ğ‘œÌ ğ‘”ğ‘Ÿğ‘¢ğ‘ğ‘œâ€¢*â€â€*â€¢.áƒ“\n\nà¼»ê«  \nğ‘ğ‘œğ‘šğ‘’ /%chat_name%\nğ»ğ‘œğ‘Ÿğ‘ %hour_of_day%\n%capturing_group_1_url_encoded%\n\nê«à¼º","single","","","b","","","","","0","","","","","","","","seconds","0","0","","",,,,,,,,,,,"24"
";menuanime","none","â•”â•â”‰âœ¼â”‰â•â—ˆâœ¼â›©ï¸ï¸âœ¼â—ˆâ•â”‰âœ¼â”‰â•â•—\nâ•‘    GREGORY - BOT MD\nâ•šâ•â”‰âœ¼â”‰â•â—ˆâœ¼â›©ï¸ï¸âœ¼â—ˆâ•â”‰âœ¼â”‰â•â•\nâ•”â•â”‰âœ¼â”‰â•â—ˆâœ¼â›©ï¸ï¸âœ¼â—ˆâ•â”‰âœ¼â”‰â•â•—\nâ”† ğ‘ˆğ‘ ğ‘¢ğ‘Ìğ‘Ÿğ‘–ğ‘œ: /%first_name%\nâ”† ğ»ğ‘œğ‘Ÿğ‘: /%hour_of_day%:%minute%\nâ”† ğ´ğ‘›ğ‘œ: /%year%\nâ•šâ•â”‰âœ¼â”‰â•â—ˆâœ¼â›©ï¸ï¸âœ¼â—ˆâ•â”‰âœ¼â”‰â•â•            \n\nâ•”â•â”‰âœ¼â”‰â•â—ˆâœ¼â›©ï¸ï¸âœ¼â—ˆâ•â”‰âœ¼â”‰â•â•—\nâ”† ;ğ‘–ğ‘ğ‘œğ‘› [ğ‘“ğ‘›ğ‘ğ‘“]\nâ”† ;ğ‘–ğ‘ğ‘œğ‘› [ğ‘›ğ‘ğ‘Ÿğ‘¢ğ‘¡ğ‘œ]\nâ”† ;ğ‘–ğ‘ğ‘œğ‘› [ğ‘ğ‘™ğ‘’ğ‘ğ‘¡ğ‘œÌğ‘Ÿğ‘–ğ‘œ]\nâ”† ;ğ‘šğ‘’ğ‘¡ğ‘ğ‘‘ğ‘–ğ‘›â„ğ‘\nâ”† ;ğ‘–ğ‘ğ‘œğ‘› [ğ‘ğ‘œğ‘¡]\nâ”† ;ğ‘–ğ‘ğ‘œğ‘› [ğ‘‘ğ‘ğ‘Ÿğ‘˜]\nâ•šâ•â”‰âœ¼â”‰â•â—ˆâœ¼â›©ï¸ï¸âœ¼â—ˆâ•â”‰âœ¼â”‰â•â•   \n\nâ•”â•â”‰âœ¼â”‰â•â—ˆâœ¼â›©ï¸ï¸âœ¼â—ˆâ•â”‰âœ¼â”‰â•â•—\nï¹ï¹ï¹ï¹ï¹\nâ”† ;ğ‘Šğ‘ğ‘™ğ‘™ğ‘ğ‘ğ‘ğ‘’ğ‘Ÿ4ğ‘˜\nâ”† ;ğ‘Šğ‘ğ‘™ğ‘™ğ‘ğ‘ğ‘ğ‘’ğ‘Ÿğ‘™ğ‘œğ‘“ğ‘–\nâ”† ;ğ‘¤ğ‘ğ‘™ğ‘™ğ‘ğ‘ğ‘ğ‘’ğ‘Ÿğ‘ğ‘™ğ‘’ğ‘ğ‘¡ğ‘œÌğ‘Ÿğ‘–ğ‘œ\nâ”† ;ğ‘¤ğ‘ğ‘™ğ‘™ğ‘ğ‘ğ‘ğ‘’ğ‘Ÿğ‘“ğ‘›ğ‘ğ‘“\nï¹ï¹ï¹ï¹ï¹\nâ•šâ•â”‰âœ¼â”‰â•â—ˆâœ¼â›©ï¸ï¸âœ¼â—ˆâ•â”‰âœ¼â”‰â•â•   \n\nâ•”â•â”‰âœ¼â”‰â•â—ˆâœ¼â›©ï¸ï¸âœ¼â—ˆâ•â”‰âœ¼â”‰â•â•—\nâ—¦â€¢â—â—‰âœ¿ ğ¸ğ·ğ¼ğ‘‡ âœ¿â—‰â—â€¢â—¦\nï¹ï¹ï¹ï¹ï¹\nâ”† ;ğ‘’ğ‘‘ğ‘–ğ‘¡ [ğ‘“ğ‘›ğ‘ğ‘“]\nâ”† ;ğ‘’ğ‘‘ğ‘–ğ‘¡120ğ‘“ğ‘ğ‘ \nâ”† ;ğ‘’ğ‘‘ğ‘–ğ‘¡ [ğ‘ğ‘›ğ‘–ğ‘šğ‘’]\nï¹ï¹ï¹ï¹ï¹\nâ•šâ•â”‰âœ¼â”‰â•â—ˆâœ¼â›©ï¸ï¸âœ¼â—ˆâ•â”‰âœ¼â”‰â•â•   \nâ¶â¶â¶â¶â¶ â·â·â·â·â·","single","","","b","","","","","0","","","","","","","","seconds","0","0","","",,,,,,,,,,,"25"
";icon [fnaf]","none","ğŸ˜ŠAqui estÃ¡ um icon de fnaf para vocÃª\n\nLink\nhttps://pin.it/44IbcZbvQ<#>ğŸ˜ŠAqui estÃ¡ um icon de fnaf para vocÃª\n\nLink\nhttps://pin.it/2D9Axt8Tz<#>ğŸ˜ŠAqui estÃ¡ um icon de fnaf para vocÃª\n\nLink\nhttps://pin.it/6wtayqPn1<#>ğŸ˜ŠAqui estÃ¡ um icon de fnaf para vocÃª\n\nLink\nhttps://pin.it/5cAXuZycD","random","","","b","","","","","0","","","","","","","","seconds","0","0","","",,,,,,,,,,,"26"
";icon [naruto]","none","ğŸ˜ŠAqui estÃ¡ um icon de Naruto para vocÃª\n\nLink\nhttps://pin.it/6MBRS6g3m<#>ğŸ˜ŠAqui estÃ¡ um icon de Naruto para vocÃª\n\nLink\nhttps://pin.it/1H89MH6db<#>ğŸ˜ŠAqui estÃ¡ um icon de Naruto para vocÃª\n\nLink\nhttps://pin.it/3H4rXEFNG","random","","","b","","","","","0","","","","","","","","seconds","0","0","","",,,,,,,,,,,"27"
";wallpaper4k","none","ğŸ˜Aqui estÃ¡ um Wallpaper 4k Para vocÃª\n\nLink\nhttps://pin.it/2apuIx5EH<#>ğŸ˜Aqui estÃ¡ um Wallpaper 4k Para vocÃª\n\nLink\nhttps://pin.it/7xfSYmB4c<#>ğŸ˜Aqui estÃ¡ um Wallpaper 4k Para vocÃª\n\nLink\nhttps://pin.it/3GKHTb5U0","random","","","b","","","","","0","","","","","","","","seconds","0","0","","",,,,,,,,,,,"28"
";wallpaperlofi","none","ğŸ˜ŠAqui esta um Wallpaper lofi para vocÃª\n\nLink\nhttps://pin.it/1OWiGX12M<#>ğŸ˜ŠAqui esta um Wallpaper lofi para vocÃª\n\nLink\nhttps://pin.it/5KjWHulz2<#>ğŸ˜ŠAqui esta um Wallpaper lofi para vocÃª\n\nLink\nhttps://pin.it/6q2stm0Jk","all","","","b","","","","","0","","","","","","","","seconds","0","0","","",,,,,,,,,,,"29"
";icon [aleatÃ³rio]","none","ğŸ¤­Aqui seu Ã­con\n\nLink\nhttps://pin.it/2JtUBqq6u<#>ğŸ¤­Aqui seu Ã­con\n\nLink\nhttps://pin.it/22YYHENX9<#>ğŸ¤­Aqui seu Ã­con\n\nLink\nhttps://pin.it/691kV5P7i","random","","","b","","","","","0","","","","","","","","seconds","0","0","","",,,,,,,,,,,"30"
";wallpaperaleatÃ³rio","none","ğŸ˜„Aqui seu wallpaper\n\nLink\nhttps://pin.it/2Y5dCQA0H<#>ğŸ˜„Aqui seu wallpaper\n\nLink\nhttps://pin.it/1u5ruUb3W<#>ğŸ˜„Aqui seu wallpaper\n\nLink\nhttps://pin.it/37M8EjaCH","random","","","b","","","","","0","","","","","","","","seconds","0","0","","",,,,,,,,,,,"34"
";metadinha","none","ğŸ˜ aqui estÃ¡ sua metadinha\n\nğŸ‘¨Para ele\nhttps://pin.it/1ct8MRefB\n\nğŸ‘©Para ela\nhttps://pin.it/4Qq3L1kP9\n\nâš”ï¸ Gregory System âš”ï¸<#>ğŸ˜ aqui estÃ¡ sua metadinha\n\nğŸ‘¨Para ele\nhttps://pin.it/3VdphhvYw\n\nğŸ‘©Para ela\nhttps://pin.it/2RXnjxvkh\n\nâš”ï¸Gregory System âš”ï¸","random","","","b","","","","","0","","","","","","","","seconds","0","0","","",,,,,,,,,,,"35"
";menubrincadeiras","none","â—¦â€¢â—â—‰âœ¿ ğ‘€ğ¸ğ‘ğ‘ˆ ğµğ‘…ğ¼ğ‘ğ¶ğ´ğ·ğ¸ğ¼ğ‘…ğ´ğ‘† âœ¿â—‰â—â€¢â—¦\n\nâ€¢â™«â€¢â™¬â€¢ ğ’Šğ’ğ’‡ğ’ğ’” â€¢â™¬â€¢â™«â€¢ \nğ‘¼ğ’”ğ’–ğ’‚Ìğ’“ğ’Šğ’: %first_name%\nğ‘ªğ’‰ğ’‚ğ’•: %chat_name%\nğ‘«ğ’Šğ’‚: %year%/%month_name_short%/%day_of_month%\nâ€¢â™«â€¢â™¬â€¢  â€¢â™¬â€¢â™«â€¢\n\n\n---\n\nà¼» ğ¶ğ‘‚ğ‘€ğ´ğ‘ğ·ğ‘‚ğ‘† à¼º\nâ—¦â€¢â—â—‰âœ¿ ğ‘…ğ’¶ğ“ƒğ“€ğ“ˆ âœ¿â—‰â—â€¢â—¦\nâ”†;ğ‘ğ‘¢ğ‘¡ğ‘\nâ”†;ğ‘¡ğ‘ğ‘ğ‘¢\nâ”†;ğ‘”ğ‘ğ‘¦\nâ”†;ğ‘“ğ‘œğ‘“ğ‘œ\nâ”†;ğ‘™ğ‘–ğ‘›ğ‘‘ğ‘\nâ”†;ğ‘Ÿğ‘–ğ‘ğ‘œ\nâ”†;ğ‘ğ‘ğ‘¡ \nâ”†;ğ‘Ÿğ‘¢ğ‘ ğ‘ ğ‘œ\nâ”†;ğ‘ğ‘Ÿğ‘ğ‘ ğ‘–ğ‘™ğ‘’ğ‘–ğ‘Ÿğ‘œ\nâ”†;ğ‘›ğ‘ğ‘šğ‘œğ‘Ÿğ‘ğ‘Ÿ\nâ”†;ğ‘ğ‘Ÿğ‘œğ‘ƒğ‘™ğ‘ğ‘¦\nâ—¦â€¢â—â—‰âœ¿ âœ¿â—‰â—â€¢â—¦\n\n.â€¢â™«â€¢â™¬â€¢ ğ’‹ğ’ğ’ˆğ’ğ’” â€¢â™¬â€¢â™«â€¢\n;ğ’ğ’ğ’‹ğ’‚","single","","","b","","","","","0","","","","","","","","seconds","0","0","","",,,,,,,,,,,"36"
";puta","none","ğŸ•µâ€â™€ï¸ ğ‘´ğ‘¬ğ‘µğ‘»ğ‘°ğ‘µğ‘«ğ‘¶ ğ‘¶ ğ‘¸ğ‘¼ğ‘¬ ğ‘½ğ‘¶ğ‘ªğ‘¬Ì‚ ğ‘¬Ì ğ‘·ğ‘¼ğ‘»ğ‘¨\n\nğ‘½ğ‘¶ğ‘ªğ‘¬Ì‚ ğ‘¬Ì %rndm_num_0_100%% ğ’‘ğ’–ğ’•ğ’‚","all","","","b","","","","","0","","","","","","","","seconds","0","0","","",,,,,,,,,,,"37"
";tpau","none","ğŸ•µâ€â™€ï¸ medindo o tamanho do seu pau\n\nVocÃª tem %rndm_num_0_17% cm de pau","single","","","b","","","","","0","","","","","","","","seconds","0","0","","",,,,,,,,,,,"38"
";gay","none","ğŸ•µâ€â™€ï¸Medindo o quendo seu amigo e gay\n\n\nğŸ³â€ğŸŒˆSeu amigo e %rndm_num_0_100% % gay","single","","","b","","","","","0","","","","","","","","seconds","0","0","","",,,,,,,,,,,"39"
";fofo","none","ğŸ•µâ€â™€ï¸ medindo o quendo vocÃª Ã© fofo(a) \n\nğŸ¤­ vocÃª Ã© %rndm_num_0_100%% fofo","single","","","b","","","","","0","","","","","","","","seconds","0","0","","",,,,,,,,,,,"40"
";linda","none","ğŸ•µâ€â™€ï¸ medindo sua beleza\n\nğŸ˜VocÃª Ã© %rndm_num_0_100%% linda","single","","","b","","","","","0","","","","","","","","seconds","0","0","","",,,,,,,,,,,"41"
";edit [fnaf]","none","ğŸ¦Š aqui estÃ¡ sua edit de fnaf\n\nLink\n\nhttps://vm.tiktok.com/ZMhpy89rb/<#>ğŸ¦Š aqui estÃ¡ sua edit de fnaf\n\nLink\nhttps://vm.tiktok.com/ZMhpy1qYM/","random","","","b","","","","","0","","","","","","","","seconds","0","0","","",,,,,,,,,,,"42"
";wallpaperfnaf","none","ğŸ˜aqui esta o seu wallpaper de fnaf\n\nLink\nhttps://pin.it/59ZolYdUa<#>ğŸ˜aqui esta o seu wallpaper de fnaf\n\nLink\nhttps://pin.it/6GsNYNPMt<#>ğŸ˜aqui esta o seu wallpaper de fnaf\n\nLink\nhttps://pin.it/3DMJLmair","random","","","b","","","","","0","","","","","","","","seconds","0","0","","",,,,,,,,,,,"43"
";icon [bot]","none","ğŸ’«aqui estÃ¡ o Ã­con usando no bot\n\n\nLink\nhttps://pin.it/5KN23FsZk","single","","","b","","","","","0","","","","","","","","seconds","0","0","","",,,,,,,,,,,"44"
";edit120fps","none","ğŸ¸Aqui estÃ¡ o sua edit 120 fps\n\nLink\nhttps://vm.tiktok.com/ZMhpsATqp/<#>ğŸ¸Aqui estÃ¡ o sua edit 120 fps\n\nLink\nhttps://vm.tiktok.com/ZMhpsLS5h/","random","","","b","","","","","0","","","","","","","","seconds","0","0","","",,,,,,,,,,,"45"
";edit [anime]","none","ğŸ˜‰Aqui esta sua edit de anime\n\n\nLink\nhttps://vm.tiktok.com/ZMhps2gXj/<#>ğŸ˜‰Aqui esta sua edit de anime\n\n\nLink\nhttps://vm.tiktok.com/ZMhpsrLAJ/","random","","","b","","","","","0","","","","","","","","seconds","0","0","","",,,,,,,,,,,"46"
";menuemoji","none","â¤ÍŸÍŸÍÍğ‘šğ‘’ğ‘›ğ‘¢ ğ‘’ğ‘šğ‘œğ‘—ğ‘–ğŸ‘»\n\nâ•”â•â”‰âœ¼â”‰â•â—ˆâœ¼â›©ï¸ï¸âœ¼â—ˆâ•â”‰âœ¼â”‰â•â•—\nğŸ•µâ€â™€ï¸ğ‘ˆğ‘ ğ‘¢ğ‘Ìğ‘Ÿğ‘–ğ‘œ/%first_name%\nğŸ¸ğ¶â„ğ‘ğ‘¡/%chat_name%\n.â€¢â™«â€¢â™¬â€¢  â€¢â™¬â€¢â™«â€¢.\nâ•šâ•â”‰âœ¼â”‰â•â—ˆâœ¼â›©ï¸ï¸âœ¼â—ˆâ•â”‰âœ¼â”‰â•â•   \n\nğ¶ğ‘œğ‘šğ‘ğ‘›ğ‘‘ğ‘œğ‘ \nâ•”â•â”‰âœ¼â”‰â•â—ˆâœ¼â›©ï¸ï¸âœ¼â—ˆâ•â”‰âœ¼â”‰â•â•—\náƒ“ .â€¢*â€â€*â€¢  â€¢*â€â€*â€¢.áƒ“\nâ”†âš›ï¸;ğ‘’ğ‘šğ‘œğ‘—ğ‘–ğ‘Ÿğ‘œğ‘¥ğ‘œ\nâ”†âœ³ï¸;ğ‘’ğ‘šğ‘œğ‘—ğ‘–ğ‘£ğ‘’ğ‘Ÿğ‘‘ğ‘’\nâ”†á› ;ğ‘’ğ‘šğ‘œğ‘—ğ‘–ğ‘¡ğ‘¥ğ‘¡\nâ”†ğŸ”·;ğ‘’ğ‘šğ‘œğ‘—ğ‘–ğ‘ğ‘§ğ‘¢ğ‘™\nâ”†â˜¯ï¸;ğ‘’ğ‘šğ‘œğ‘—ğ‘–ğ‘ğ‘™ğ‘’ğ‘ğ‘¡ğ‘œÌğ‘Ÿğ‘–ğ‘œ\nâ”†ğŸ’¥;arttxt\nâ”†ğŸ‡§ğŸ‡·;ğ‘ğ‘ğ‘›ğ‘‘ğ‘’ğ‘–ğ‘Ÿğ‘ [ğ‘ğ‘ğ‘–ğ‘ ]\nâ—¦â€¢â—â—‰âœ¿  âœ¿â—‰â—â€¢â—¦\nâ•šâ•â”‰âœ¼â”‰â•â—ˆâœ¼â›©ï¸ï¸âœ¼â—ˆâ•â”‰âœ¼â”‰â•â•","single","","","b","","","","","0","","","","","","","","seconds","0","0","","",,,,,,,,,,,"48"
";emojiroxo","none","ğ‘¨ğ’’ğ’–ğ’Š ğ’†ğ’”ğ’•ğ’‚Ì ğ’ ğ’”ğ’†ğ’– ğ’†ğ’ğ’ğ’‹ğ’Š\nğŸ’œ<#>ğ‘¨ğ’’ğ’–ğ’Š ğ’†ğ’”ğ’•ğ’‚Ì ğ’ ğ’”ğ’†ğ’– ğ’†ğ’ğ’ğ’‹ğ’Š\nğŸŸª<#>ğ‘¨ğ’’ğ’–ğ’Š ğ’†ğ’”ğ’•ğ’‚Ì ğ’ ğ’”ğ’†ğ’– ğ’†ğ’ğ’ğ’‹ğ’Š\nğŸ†”<#>ğ‘¨ğ’’ğ’–ğ’Š ğ’†ğ’”ğ’•ğ’‚Ì ğ’ ğ’”ğ’†ğ’– ğ’†ğ’ğ’ğ’‹ğ’Š\nâš›ï¸<#>ğ‘¨ğ’’ğ’–ğ’Š ğ’†ğ’”ğ’•ğ’‚Ì ğ’ ğ’”ğ’†ğ’– ğ’†ğ’ğ’ğ’‹ğ’Š\nâš›ï¸","random","","","b","","","","","0","","","","","","","","seconds","0","0","","",,,,,,,,,,,"49"
";ğ’†ğ’ğ’ğ’‹ğ’Šğ’—ğ’†ğ’“ğ’…ğ’†","none","ğ‘¨ğ’’ğ’–ğ’Š ğ’†ğ’”ğ’•ğ’‚Ì ğ’ ğ’”ğ’†ğ’– ğ’†ğ’ğ’ğ’‹ğ’Š\nğŸ’š<#>ğ‘¨ğ’’ğ’–ğ’Š ğ’†ğ’”ğ’•ğ’‚Ì ğ’ ğ’”ğ’†ğ’– ğ’†ğ’ğ’ğ’‹ğ’Š\nğŸŸ¢<#>ğ‘¨ğ’’ğ’–ğ’Š ğ’†ğ’”ğ’•ğ’‚Ì ğ’ ğ’”ğ’†ğ’– ğ’†ğ’ğ’ğ’‹ğ’Š\nğŸŸ©","random","","","b","","","","","0","","","","","","","","seconds","0","0","","",,,,,,,,,,,"50"
";emojitxt","none","ğ‘¨ğ’’ğ’–ğ’Š ğ’†ğ’”ğ’•ğ’‚Ì ğ’ ğ’”ğ’†ğ’– ğ’†ğ’ğ’ğ’‹ğ’Š\n(Ëµ Í¡Â° ÍœÊ– Í¡Â°Ëµ)<#>ğ‘¨ğ’’ğ’–ğ’Š ğ’†ğ’”ğ’•ğ’‚Ì ğ’ ğ’”ğ’†ğ’– ğ’†ğ’ğ’ğ’‹ğ’Š\n(â™¥_â™¥)<#>ğ‘¨ğ’’ğ’–ğ’Š ğ’†ğ’”ğ’•ğ’‚Ì ğ’ ğ’”ğ’†ğ’– ğ’†ğ’ğ’ğ’‹ğ’Š\nq(â‚â€¿â‚)p","random","","","b","","","","","0","","","","","","","","seconds","0","0","","",,,,,,,,,,,"51"
";emojiazul","none","ğ‘¨ğ’’ğ’–ğ’Š ğ’†ğ’”ğ’•ğ’‚Ì ğ’ ğ’”ğ’†ğ’– ğ’†ğ’ğ’ğ’‹ğ’Š\nğŸ’™<#>ğ‘¨ğ’’ğ’–ğ’Š ğ’†ğ’”ğ’•ğ’‚Ì ğ’ ğ’”ğ’†ğ’– ğ’†ğ’ğ’ğ’‹ğ’Š\nğŸ”µ<#>ğ‘¨ğ’’ğ’–ğ’Š ğ’†ğ’”ğ’•ğ’‚Ì ğ’ ğ’”ğ’†ğ’– ğ’†ğ’ğ’ğ’‹ğ’Š\nğŸŸ¦<#>ğ‘¨ğ’’ğ’–ğ’Š ğ’†ğ’”ğ’•ğ’‚Ì ğ’ ğ’”ğ’†ğ’– ğ’†ğ’ğ’ğ’‹ğ’Š\nğŸ”·","random","","","b","","","","","0","","","","","","","","seconds","0","0","","",,,,,,,,,,,"52"
";emojialeatÃ³rio","none","ğ´ğ‘ğ‘¢ğ‘– ğ‘’ğ‘ ğ‘¡ğ‘Ì ğ‘œ ğ‘ ğ‘’ğ‘¢ ğ‘’ğ‘šğ‘œğ‘—ğ‘–\nâš”ï¸<#>ğ‘¨ğ’’ğ’–ğ’Š ğ’†ğ’”ğ’•ğ’‚Ì ğ’ ğ’”ğ’†ğ’– ğ’†ğ’ğ’ğ’‹ğ’Š\nğŸ¸<#>ğ‘¨ğ’’ğ’–ğ’Š ğ’†ğ’”ğ’•ğ’‚Ì ğ’ ğ’”ğ’†ğ’– ğ’†ğ’ğ’ğ’‹ğ’Š\nğŸ•µâ€â™€ï¸<#>ğ‘¨ğ’’ğ’–ğ’Š ğ’†ğ’”ğ’•ğ’‚Ì ğ’ ğ’”ğ’†ğ’– ğ’†ğ’ğ’ğ’‹ğ’Š\nğŸ¦Š","random","","","b","","","","","0","","","","","","","","seconds","0","0","","",,,,,,,,,,,"53"
";ğ‘“ğ‘ğ‘¡ğ‘œğ‘ ","none","ğŸ•µâ€â™€ï¸ ğ‘£ğ‘œğ‘ğ‘’Ì‚ ğ‘ ğ‘ğ‘ğ‘–ğ‘ ğ‘ğ‘¢ğ‘’\n\nğ‘‚ ğ‘ğ‘Ÿğ‘–ğ‘šğ‘’ğ‘–ğ‘Ÿğ‘œ ğ‘—ğ‘œğ‘”ğ‘œ ğ‘“ğ‘œğ‘– ğ‘ğ‘Ÿğ‘–ğ‘ğ‘‘ğ‘œ ğ‘’ğ‘š 1958<#>ğŸ•µâ€â™€ï¸ ğ‘£ğ‘œğ‘ğ‘’Ì‚ ğ‘ ğ‘ğ‘ğ‘–ğ‘ ğ‘ğ‘¢ğ‘’\n\nğ‘‚ ğ‘ğ‘Ÿğ‘–ğ‘šğ‘’ğ‘–ğ‘Ÿğ‘œ ğ‘“ğ‘–ğ‘™ğ‘šğ‘’ 3ğ‘‘ ğ‘ ğ‘’ğ‘Ÿğ‘–ğ‘ ğ‘ğ‘Ÿğ‘ğ‘ ğ‘–ğ‘™ğ‘’ğ‘–ğ‘Ÿğ‘œ ğ‘ ğ‘’ ğ‘œğ‘  ğ‘“ğ‘‘ğ‘ ğ‘‘ğ‘œğ‘  ğ‘ğ‘šğ‘’ğ‘Ÿğ‘–ğ‘ğ‘ğ‘›ğ‘œğ‘  ğ‘›ğ‘Ìƒğ‘œ ğ‘¡ğ‘–ğ‘£ğ‘’ğ‘ ğ‘ ğ‘’  ğ‘ ğ‘ğ‘ğ‘œğ‘¡ğ‘ğ‘‘ğ‘œ<#>ğŸ•µâ€â™€ï¸ vocÃª sabia âš”que\n\n99% das pessoas nÃ£o consegue realizar seus sonhos\n\nğŸ¥²E provavelmente vocÃª Ã© uma delas<#>ğŸ•µâ€â™€ï¸ vocÃª sÃ¡bia que\n\n1+1 e igual e 2 e nÃ£o a um caminhÃ£o de Vendas","random","","","b","","","","","0","","","","","","","","seconds","0","0","","",,,,,,,,,,,"54"
";icon [dark]","none","ğŸŒ‘ğ‘ğ‘ğ‘¢ğ‘– ğ‘’ğ‘ ğ‘¡ğ‘Ì ğ‘œ ğ‘ ğ‘’ğ‘¢ ğ‘–ğ‘ğ‘œğ‘›\n\nğ¿ğ‘–ğ‘›ğ‘˜\nhttps://pin.it/2x9LeuQWM<#>ğŸŒ‘ğ‘ğ‘ğ‘¢ğ‘– ğ‘’ğ‘ ğ‘¡ğ‘Ì ğ‘œ ğ‘ ğ‘’ğ‘¢ ğ‘–ğ‘ğ‘œğ‘›\n\nğ¿ğ‘–ğ‘›ğ‘˜\nhttps://pin.it/1AG1pUIG4<#>ğŸŒ‘ğ‘ğ‘ğ‘¢ğ‘– ğ‘’ğ‘ ğ‘¡ğ‘Ì ğ‘œ ğ‘ ğ‘’ğ‘¢ ğ‘–ğ‘ğ‘œğ‘›\n\nğ¿ğ‘–ğ‘›ğ‘˜\nhttps://pin.it/2x9LeuQWM","random","","","b","","","","","0","","","","","","","","seconds","0","0","","",,,,,,,,,,,"56"
";verestrelas","none","â—¦â€¢â—â—‰âœ¿ ğ‘¡ğ‘œğ‘‘ğ‘œğ‘  ğ‘œğ‘  ğ‘šğ‘’ğ‘šğ‘ğ‘Ÿğ‘œğ‘  ğ‘ğ‘œğ‘š ğ‘’ğ‘ ğ‘¡ğ‘Ÿğ‘’ğ‘–ğ‘ğ‘ âœ¿â—‰â—â€¢â—¦\n\n1-+55 92 9487-7555 [â˜…]\n\n\n\nğ‘‚ ğ‘ ğ‘–Ìğ‘šğ‘ğ‘œğ‘™ğ‘œ ""â˜…* ğ‘Ÿğ‘’ğ‘ğ‘Ÿğ‘’ğ‘ ğ‘’ğ‘›ğ‘¡ğ‘ ğ‘ ğ‘ğ‘¢ğ‘ğ‘™ğ‘–ğ‘‘ğ‘ğ‘‘ğ‘’ ğ‘‘ğ‘’ ğ‘’ğ‘ ğ‘¡ğ‘Ÿğ‘’ğ‘™ğ‘ğ‘  ğ‘ğ‘¢ğ‘’ ğ‘ğ‘ğ‘‘ğ‘ ğ‘šğ‘’ğ‘šğ‘ğ‘Ÿğ‘œ ğ‘¡ğ‘’ğ‘š\n\n*ğ‘ğ‘  ğ‘’ğ‘ ğ‘¡ğ‘Ÿğ‘’ğ‘™ğ‘ğ‘  ğ‘ ğ‘Ìƒğ‘œ ğ‘¢ğ‘š ğ‘Ÿğ‘’ğ‘ğ‘¢ğ‘Ÿğ‘ ğ‘œ ğ‘‘ğ‘’ ğ‘šğ‘œğ‘‘ğ‘’ğ‘Ÿğ‘ğ‘Ì§ğ‘Ìƒğ‘œ ğ‘‘ğ‘ ğ‘ğ‘” ğ‘ğ‘¢ğ‘’ ğ‘“ğ‘¢ğ‘›ğ‘ğ‘–ğ‘œğ‘›ğ‘ğ‘š ğ‘ğ‘œğ‘šğ‘œ ğ‘¢ğ‘š ""ğ‘ğ‘£ğ‘–ğ‘ ğ‘œ"" ğ‘ğ‘œğ‘š 3 ğ‘’ğ‘ ğ‘¡ğ‘Ÿğ‘’ğ‘™ğ‘ğ‘  ğ‘£ğ‘œğ‘ğ‘’Ì‚ ğ‘™ğ‘’ğ‘£ğ‘ ğ‘ğ‘ğ‘› ğ‘‘ğ‘ ğ‘ğ‘œğ‘šğ‘¢ğ‘›ğ‘–ğ‘‘ğ‘ğ‘‘ğ‘’*","single","","","b","","","","","0","","","","","","","","seconds","0","0","","",,,,,,,,,,,"57"
";piadas","none","ğŸ˜‰ porque o pc foi ao mÃ©dico? \nPor ele estava com vÃ­rus<#>ğŸ˜‰oq um peixe disse pro outro? \n\nNada porque eles nÃ£o sabem falar","random","","","b","","","","","0","","","","","","","","seconds","0","0","","",,,,,,,,,,,"58"
";criarbio","none","ğŸ˜Šaqui estÃ¡ sua bio para WhatsApp\n\nğŸŒ™perdido entre os sonhos<#>ğŸ˜Šaqui estÃ¡ sua bio para WhatsApp\n\nğŸ€ a cara batida e uma nova histÃ³ria<#>ğŸ˜Šaqui estÃ¡ sua bio para WhatsApp\n\nğŸŒŠ Deixe a vida fluir no ritmo das batidas suaves.","random","","","b","","","","","0","","","","","","","","seconds","0","0","","",,,,,,,,,,,"59"
";menufrases","none","â•šâ•â”‰âœ¼â”‰â•â—ˆâœ¼â›©ï¸ï¸âœ¼â—ˆâ•â”‰âœ¼â”‰â•â•   \n            â˜¾â˜… ğ‘€ğ¸ğ‘ğ‘ˆ ğ¹ğ‘…ğ´ğ‘†ğ¸ğ‘† â˜…â˜½  \nâ•šâ•â”‰âœ¼â”‰â•â—ˆâœ¼â›©ï¸ï¸âœ¼â—ˆâ•â”‰âœ¼â”‰â•â•   \n\nâ•”â•â”‰âœ¼â”‰â•â—ˆâœ¼â›©ï¸ï¸âœ¼â—ˆâ•â”‰âœ¼â”‰â•â•—\nâœ¦â€¢â€¢â—â—‰âœ¿ ğ‘°ğ‘µğ‘­ğ‘¶ğ‘º âœ¿â—‰â—â€¢â€¢âœ¦  \nâ¤ ğ‘¼ğ‘ºğ‘¼ğ‘¨Ìğ‘¹ğ‘°ğ‘¶: /%first_name%  \nâ¤ ğ‘ªğ‘¯ğ‘¨ğ‘»: /%chat_name%  \nâ¤ ğ‘«ğ‘¨ğ‘»ğ‘¨: /%year%-%month_name%-%day_of_month%  \nâ•šâ•â”‰âœ¼â”‰â•â—ˆâœ¼â›©ï¸ï¸âœ¼â—ˆâ•â”‰âœ¼â”‰â•â•  \n\nâ•”â•â”‰âœ¼â”‰â•â—ˆâœ¼â›©ï¸ï¸âœ¼â—ˆâ•â”‰âœ¼â”‰â•â•—\nâœ§â”€â”€â”€â”€â”€â”€â”€â”€â”€â”€â”€â”€â”€âœ§  \náƒ“ âœ¦ *ğ¶ğ‘‚ğ‘€ğ´ğ‘ğ·ğ‘‚ğ‘†* âœ¦ áƒ“  \nâ¤  ;ğ‘´ğ‘¶ğ‘»ğ‘°ğ‘½ğ‘¨ğ‘ªÌ§ğ‘¨Ìƒğ‘¶  \nâ¤  ;ğ‘¹ğ‘¨ğ‘°ğ‘½ğ‘¨  \nâ¤  ;ğ…ğ‘ğ€ğ’ğ„ğ…ğğ€ğ…\n\nâœ§â”€â”€â”€â”€â”€â”€â”€â”€â”€â”€â”€â”€â”€âœ§\nâ•šâ•â”‰âœ¼â”‰â•â—ˆâœ¼â›©ï¸ï¸âœ¼â—ˆâ•â”‰âœ¼â”‰â•â•","single","","","b","","","","","0","","","","","","","","seconds","0","0","","",,,,,,,,,,,"60"
";motivacional","none","ğŸŒ™O fracasso Ã© sÃ³ uma oportunidade para comeÃ§ar de novo com mais sabedoria.<#>ğŸŒ™seu maior limite e vocÃª mesmo supere-o<#>ğŸŒ™a vida comeÃ§a fora da sua zona de conforto","random","","","b","","","","","0","","","","","","","","seconds","0","0","","",,,,,,,,,,,"61"
";raiva","none","Nem o silÃªncio te salva, porque atÃ© calado vocÃª me irrita.","single","","","b","","","","","0","","","","","","","","seconds","0","0","","",,,,,,,,,,,"62"
".div","none","https://chat.whatsapp.com/G53tRNG6v9a4zBX1a4UAcT\nâ¤ÍŸÍŸÍÍğ’„ğ’‰ğ’‚ğ’• ğ’…ğ’ ğ‘®ğ’“ğ’†ğ’ˆğ’ğ’“ğ’š ğ’ƒğ’ğ’•\n\nà¼»ğ‘¹ğ‘¬ğ‘®ğ‘¹ğ‘¨ğ‘º à¿\n.â€¢â™«â€¢â™¬â€¢  â€¢â™¬â€¢â™«â€¢.\nğ‘·ğ’“ğ’ğ’Šğ’ƒğ’Šğ’…ğ’ ğ’„ğ’ğ’ğ’•ğ’†ğ’–Ìğ’…ğ’ +ğŸğŸ–/ğ‘®ğ’ğ’“ğ’†\nğ‘·ğ’“ğ’ğ’Šğ’ƒğ’Šğ’…ğ’ ğ’”ğ’‘ğ’‚ğ’\nğ‘·ğ’“ğ’ğ’Šğ’ƒğ’Šğ’…ğ’ ğ’‡ğ’ğ’ğ’…ğ’‚ğ’“ ğ’ ğ’ƒğ’ğ’•\nğ‘´ğ’‚ğ’ğ’•ğ’†ğ’ğ’‰ğ’‚ ğ’ ğ’„ğ’‰ğ’‚Ìğ’• ğ’ğ’Šğ’ğ’ƒğ’\nğ‘¹ğ’†ğ’”ğ’‘ğ’†ğ’Šğ’•ğ’† ğ’‚ ğ’•ğ’ğ’…ğ’ğ’” (ğ’‚) \nğ‘·ğ’“ğ’ğ’Šğ’ƒğ’Šğ’…ğ’ ğ’ğ’Šğ’ğ’Œğ’”\nğ‘ƒğ‘Ÿğ‘œğ‘–ğ‘ğ‘–ğ‘‘ğ‘œ ğ‘–ğ‘šğ‘ğ‘”ğ‘’ğ‘›ğ‘ \n.â€¢â™«â€¢â™¬â€¢  â€¢â™¬â€¢â™«â€¢.\n\nğ‘·ğ’“ğ’†ğ’‡ğ’Šğ’™ğ’ / ğ’† ;\nğ‘«ğ’ğ’ğ’/ğ‘¬ğ’—ğ’‚ğ’\n\nğ‘¨ğ’•ğ’†ğ’ğ’„Ì§ğ’‚Ìƒğ’ ğ’ ğ’ƒğ’ğ’• ğ’†ğ’”ğ’•ğ’‚Ì ğ’†ğ’ ğ’…ğ’†ğ’”ğ’†ğ’ğ’—ğ’ğ’ğ’—ğ’Šğ’ğ’†ğ’ğ’•ğ’ ğ’†ğ’ğ’•ğ’‚Ìƒğ’ ğ’‘ğ’ğ’…ğ’† ğ’ğ’„ğ’ğ’“ğ’“ğ’†ğ’“ ğ’ƒğ’–ğ’ˆğ’”\n\nğ‘ªğ’‚ğ’ğ’‚ğ’ ğ’…ğ’ ğ’ƒğ’ğ’•\nhttps://whatsapp.com/channel/0029VarJFfTKrWQqdoJwLm21","random","","","g","","","","","0","","","","","","","","seconds","0","0","","",,,,,,,,,,,"63"
";menumediafire","none","ğŸ“‚  ğ´ğ‘ğ‘’ğ‘ ğ‘ ğ‘’ ğ‘ ğ‘ğ‘ğ‘ ğ‘¡ğ‘ ğ‘‘ğ‘’ğ‘ ğ‘’ğ‘—ğ‘ğ‘‘ğ‘\n\n\n*ğŸ® ğ‘ğ‘‘ ğ‘—ğ‘œğ‘”ğ‘œğ‘ *\n*ğŸ“± ğ‘ğ‘‘ ğ‘ğ‘ğ‘ğ‘ *","single","","","b","","","","","0","","","","","","","","seconds","0","0","","",,,,,,,,,,,"64"
";cd jogos","none","ğŸ“‚ pasta de jogos\n\nğ»ğ‘œğ‘™ğ‘™ğ‘œğ‘¤ ğ‘˜ğ‘›ğ‘–ğ‘”â„ğ‘¡\nhttps://www.mediafire.com/file/0a2mc9igg3h9i18/Hollow_knight.apk/file\n\n\nğ»ğ‘œğ‘Ÿğ‘Ÿğ‘œğ‘Ÿ ğ‘ğ‘œğ‘“ğ‘“ğ‘’ \nhttps://www.mediafire.com/file/u52ma8co8imr9fm/HORROR+COFFEE+5_mod.apk/file\n\nğ¹ğ‘›ğ‘ğ‘“ ğ‘†ğ¿ ğ‘‘ğ‘¢ğ‘ğ‘™ğ‘ğ‘‘ğ‘œ\nhttps://www.mediafire.com/file/157o4xe4isquf78/Fnaf+SL+Dublado.apk\n\nğ‘€ğ‘ğ‘–ğ‘  ğ‘ğ‘œğ‘–ğ‘ ğ‘ğ‘  ğ‘’ğ‘š ğ‘ğ‘Ÿğ‘’ğ‘£ğ‘’\n\n>Â© Gregory bot System","all","","","b","","","","","0","","","","","","","","seconds","0","0","","",,,,,,,,,,,"65"
";","none","ğŸ˜®â€ğŸ’¨ğ¸ğ‘ ğ‘ ğ‘’ ğ‘ğ‘œğ‘šğ‘ğ‘›ğ‘‘ğ‘œ ğ‘›ğ‘Ìƒğ‘œ ğ‘’ğ‘¥ğ‘–ğ‘ ğ‘¡ğ‘’\n\nğ·ğ‘–ğ‘”ğ‘–ğ‘¡ğ‘’ ;ğ‘šğ‘’ğ‘›ğ‘¢ ğ‘ğ‘ğ‘Ÿğ‘ ğ‘£ğ‘’ğ‘Ÿ ğ‘ ğ‘™ğ‘–ğ‘ ğ‘¡ğ‘ ğ‘‘ğ‘’ ğ‘ğ‘œğ‘šğ‘ğ‘›ğ‘‘ğ‘œğ‘ ","single","","","b","","","","","0","","","","","","","","seconds","0","0","","",,,,,,,,,,,"66"
";frasefnaf","none","""Eu sempre volto""","single","","","b","","","","","0","","","","","","","","seconds","0","0","","",,,,,,,,,,,"68"
";arttxtgame","none","â¡â ‰â ›â¢¿â£¿â£¿â£¿â£¿â£¿â£¿â£¿â£¿â£¿â£¿â£¿â£¿â£¿â£¿â£¿â£¿â£¿â£¿â£¿â¡¿â£¿\nâ£¿â €â €â €â ˆâ ›â¢¿â£¿â£¿â£¿â£¿â£¿â£¿â£¿â£¿â£¿â£¿â£¿â£¿â ¿â ›â ‰â â €â£¿\nâ£¿â£§â¡€â €â €â €â €â ™â ¿â ¿â ¿â »â ¿â ¿â Ÿâ ¿â ›â ‰â €â €â €â €â €â£¸â£¿\nâ£¿â£¿â£·â£„â €â¡€â €â €â €â €â €â €â €â €â €â €â €â €â €â €â €â¢€â£´â£¿â£¿\nâ£¿â£¿â£¿â£¿â â €â €â €â €â €â €â €â €â €â €â €â €â €â €â  â£´â£¿â£¿â£¿â£¿\nâ£¿â£¿â£¿â¡Ÿâ €â €â¢°â£¹â¡†â €â €â €â €â €â €â£­â£·â €â €â €â ¸â£¿â£¿â£¿â£¿\nâ£¿â£¿â£¿â ƒâ €â €â ˆâ ‰â €â €â ¤â „â €â €â €â ‰â â €â €â €â €â¢¿â£¿â£¿â£¿\nâ£¿â£¿â£¿â¢¾â£¿â£·â €â €â €â €â¡ â ¤â¢„â €â €â €â  â£¿â£¿â£·â €â¢¸â£¿â£¿â£¿\nâ£¿â£¿â£¿â¡€â ‰â €â €â €â €â €â¢„â €â¢€â €â €â €â €â ‰â ‰â â €â €â£¿â£¿â£¿\nâ£¿â£¿â£¿â£§â €â €â €â €â €â €â €â ˆâ €â €â €â €â €â €â €â €â €â €â¢¹â£¿â£¿\nâ£¿â£¿â£¿â£¿â ƒâ €â €â €â €â €â €â €â €â €â €â €â €â €â €â €â €â €â¢¸â£¿â£¿<#>â¬œï¸â¬œï¸ğŸŸ¨ğŸŸ¨ğŸŸ¨ğŸŸ¨ğŸŸ¨ğŸŸ¨â¬œï¸â¬œï¸\nâ¬œï¸ğŸŸ¨ğŸŸ¨ğŸŸ¨ğŸŸ¨ğŸŸ¨ğŸŸ¨ğŸŸ¨ğŸŸ¨â¬œï¸\nğŸŸ¨ğŸŸ¨â¬›ï¸ğŸŸ¨ğŸŸ¨ğŸŸ¨ğŸŸ¨â¬›ï¸ğŸŸ¨ğŸŸ¨\nğŸŸ¨ğŸŸ¨â¬›ï¸ğŸŸ¨ğŸŸ¨ğŸŸ¨ğŸŸ¨â¬›ï¸ğŸŸ¨ğŸŸ¨\nğŸŸ¨ğŸŸ¥ğŸŸ¨ğŸŸ¨ğŸŸ¨ğŸŸ¨ğŸŸ¨ğŸŸ¨ğŸŸ¥ğŸŸ¨\nğŸŸ¨ğŸŸ¨â¬›ï¸ğŸŸ¨ğŸŸ¨ğŸŸ¨ğŸŸ¨â¬›ï¸ğŸŸ¨ğŸŸ¨\nğŸŸ¨ğŸŸ¨ğŸŸ¨â¬›ï¸â¬›ï¸â¬›ï¸â¬›ï¸ğŸŸ¨ğŸŸ¨ğŸŸ¨\nâ¬œï¸ğŸŸ¨ğŸŸ¨ğŸŸ¨ğŸŸ¨ğŸŸ¨ğŸŸ¨ğŸŸ¨ğŸŸ¨â¬œï¸\nâ¬œï¸â¬œï¸ğŸŸ¨ğŸŸ¨ğŸŸ¨ğŸŸ¨ğŸŸ¨â¬œï¸â¬œï¸â¬œï¸<#>ğŸŸ©ğŸŸ©ğŸŸ©ğŸŸ©ğŸŸ©ğŸŸ©ğŸŸ©ğŸŸ©\nğŸŸ©ğŸŸ©ğŸŸ©ğŸŸ©ğŸŸ©ğŸŸ©ğŸŸ©ğŸŸ©\nğŸŸ©â¬›â¬›ğŸŸ©ğŸŸ©â¬›â¬›ğŸŸ©\nğŸŸ©â¬›â¬›ğŸŸ©ğŸŸ©â¬›â¬›ğŸŸ©\nğŸŸ©ğŸŸ©ğŸŸ©â¬›â¬›ğŸŸ©ğŸŸ©ğŸŸ©\nğŸŸ©ğŸŸ©â¬›â¬›â¬›â¬›ğŸŸ©ğŸŸ©\nğŸŸ©ğŸŸ©â¬›â¬›â¬›â¬›ğŸŸ©ğŸŸ©\nğŸŸ©ğŸŸ©â¬›ğŸŸ©ğŸŸ©â¬›ğŸŸ©ğŸŸ©","random","","","b","","","","","0","","","","","","","","seconds","0","0","","",,,,,,,,,,,"70"
";bandeira [brasil]","none","ğŸ‡§ğŸ‡·","single","","","b","","","","","0","","","","","","","","seconds","0","0","","",,,,,,,,,,,"71"
"prefixo","none","OlÃ¡ meu prefixo e ;","single","","","b","","","","","0","","","","","","","","seconds","0","0","","",,,,,,,,,,,"72"
";rico","none","ğŸ•µâ€â™€ï¸ medindo o que vocÃª Ã© rico\n\nğŸ’° vocÃª Ã© %rndm_num_0_200%% rico","single","","","b","","","","","0","","","","","","","","seconds","0","0","","",,,,,,,,,,,"73"
";menunews","none","â¤ÍŸÍŸÍÍğ’ğ’†ğ’ğ’– ğ’ğ’†ğ’˜ğ’”\n\nâ—¦â€¢â—â—‰âœ¿ ğ¶ğ‘‚ğ‘€ğ´ğ‘ğ·ğ‘‚ğ‘†âœ¿â—‰â—â€¢â—¦\nâ”†;ğ‘”1\nâ”†;ğ‘“ğ‘›ğ‘ğ‘“ğ‘›ğ‘’ğ‘¤ğ‘ \nâ”†;ğ‘›ğ‘’ğ‘¤ğ‘ ğ‘ğ‘œğ‘¡\nâ—¦â€¢â—â—‰âœ¿  âœ¿â—‰â—â€¢â—¦\n\nğ‘€ğ‘ğ‘–ğ‘  ğ‘ğ‘œğ‘–ğ‘ ğ‘ğ‘  ğ‘’ğ‘š ğ‘ğ‘Ÿğ‘’ğ‘£ğ‘’","single","","","b","","","","","0","","","","","","","","seconds","0","0","","",,,,,,,,,,,"77"
";g1","none","O que a Procuradoria-Geral da RepÃºblica pode fazer apÃ³s receber indiciamento de Bolsonaro e mais 36 por golpe de Estado? Entenda no g1 http://glo.bo/4fRXUwy","single","","","b","","","","","0","","","","","","","","seconds","0","0","","",,,,,,,,,,,"78"
";fnafnews","none","FNAF 2 NO HALLOWEEN!\n\nTemos uma nova convocaÃ§Ã£o de atores, denominada ""Vizinhos de Doces ou Travessuras"", provavelmente se tratam de vizinhos de Mike e Abby!\n\nParece que realmente teremos uma Fazbear Frights em Ã©poca de Halloween e com uma casa assombrada!\n\nAnsiosos para o Springtrap?\n\n#Noticias\n\n#Vanny\n\nhttps://whatsapp.com/channel/0029ValWTXaE50Ufa20uNq1h","single","","","b","","","","","0","","","","","","","","seconds","0","0","","",,,,,,,,,,,"79"
";play((.+))","expert","~_*Â© Gregory boti*_~\nğ™´ğ™½ğš…ğ™¸ğ™°ğ™½ğ™³ğ™¾ ğš‚ğš„ğ™° ğ™¼ğš„ğš‚ğ™¸ğ™²ğ™°...<#>â€¢ TÃ­tulo: %capturing_group_1%<#>ğŸ¶MusicağŸ¶\nhttps://www.suamusica.com.br/busca?pesquisa_bar=%capturing_group_1%<#>ğŸ“½ï¸VideoğŸ“½ï¸\nhttps://m.youtube.com/results?sp=mAEA&search_query=%capturing_group_1%","all","","","b","","","","","0","","","","","","","","seconds","0","0","","",,,,,,,,,,,"80"
";matar(.+)","expert","â˜ ï¸%name% acaba de matar %capturing_group_1%\n\n*Gregory bot System*<#>F para ele","all","","","b","","","","","0","","","","","","","","seconds","0","0","","",,,,,,,,,,,"81"
";bct(.+)","expert","ğŸ•µâ€â™€ï¸Calma uÃ© %capturing_group_1% medindo o tamanho da sua bct<#>ğŸ˜ŠVocÃª tem %rndm_num_0_100%cm de bct","all","","","b","","","","","0","","","","","","","","seconds","0","0","","",,,,,,,,,,,"82"
";brasileiro(.+)","expert","ğŸ‡§ğŸ‡· calma uÃ© %capturing_group_1% medindo o quendo vocÃª Ã© br<#>ğŸ•µâ€â™€ï¸ vocÃª Ã© %rndm_num_0_1000%% brasileiro","all","","","b","","","","","0","","","","","","","","seconds","0","0","","",,,,,,,,,,,"83"
";cd apps","none","ğŸ“‚ ğ‘ƒğ´ğ‘†ğ‘‡ğ´ ğ·ğ¸ ğ´ğ‘ƒğ‘ƒğ‘†\n\nğ¼Ìğµğ¼ğ‘† ğ‘ƒğ´ğ‘ğ‘‡\nhttps://www.mediafire.com/file/6elmi38bthg8nk6/Ibis-Paint-X-9.1.1-Mod-wist.apk/file\n\n>  Â©Gregory bot System","single","","","b","","","","","0","","","","","","","","seconds","0","0","","",,,,,,,,,,,"107"
";namorar(.+)","expert","O %first_name%  pediu %capturing_group_1%\n em namoro vocÃª deseja aceitar? ã€Sã€ouã€Nã€","all","","","b","","","","","0","","","","","","","","seconds","0","0","","",,,,,,,,,,,"84"
";proPlay(.+)","expert","ğŸ•µâ€â™€ï¸Mentindo o quando o %capturing_group_1% e pro Play<#>â˜ ï¸Ele Ã© %rndm_num_0_1000%% pro Play","all","","","b","","","","","0","","","","","","","","seconds","0","0","","",,,,,,,,,,,"85"
";entra [good]","none","OlÃ¡ void seja bem vindo a sua conta up \n\n\nSaldo atual 200 upc \n\nOutros comandos\n;transferir (conta)","single","","","b","","","","","0","","","","","","","","seconds","0","0","","",,,,,,,,,,,"86"
";grupos","none","ğ‹ğˆğğŠğ’ ğƒğğ’ ğ†ğ‘ğ”ğğğ’ ğğ€ğ‘ğ‚ğ„ğˆğ‘ğğ’ ğƒğ ğğğ“\n\nğ‹ğ„ğ•ğ„ğ‹ ğ”ğ ğ‚ğğŒğŒğ”ğğˆğ“ğ˜\nhttps://chat.whatsapp.com/EdDFPKkXo0h0KXudjp1QUy\n\nğ‡ğ”ğ ğ™ğğğ„\nhttps://chat.whatsapp.com/GusGELNDhS3IjFOZGXdnqZ\n\nğ‹ğ®ğš ğœğ¡ğšğ­\nhttps://chat.whatsapp.com/EbBM5KfcjbFJ55FrJpBBCQ\n\nğğ˜ ğ†ğ‘ğ„ğ†ğğ‘ğ˜ ğğğ“","single","","","b","","","","","0","","","","","","","","seconds","0","0","","",,,,,,,,,,,"87"
";roubar (.+)","expert","ğŸ™ƒvocÃª acaba de roubar 40 MOEDAS DO %capturing_group_1%<#>ğŸ˜‚vocÃª nÃ£o conseguiu roubar o %capturing_group_1%","random","","","b","","","","","0","","","","","","","","seconds","0","0","","",,,,,,,,,,,"88"
"(.+) entrou usando o link de convite do grupo","expert","Seja bem vindo","single","","","b","","","","","0","","","","","","","","seconds","0","0","","",,,,,,,,,,,"89"
"http://(.+)","expert","âš”ï¸e proibido links nesse gp","single","","","b","","","","","0","","","","","","","","seconds","0","0","","",,,,,,,,,,,"90"
";hackear (.+)","expert","â˜ ï¸vocÃª acaba de hacker o %capturing_group_1%","single","","","b","","","","","0","","","","","","","","seconds","0","0","","",,,,,,,,,,,"91"
";russo (.+)","expert","%capturing_group_1% ğŸ•µâ€â™€ï¸ medindo o quendo vocÃª Ã© russo<#>ğŸ‡·ğŸ‡ºvocÃª Ã© %rndm_num_0_300% russo","all","","","b","","","","","0","","","","","","","","seconds","0","0","","",,,,,,,,,,,"92"
";hacker (.+)","expert","ğŸ’»medindo o quendo o %capturing_group_1% e hacker<#>VocÃª Ã© %rndm_num_0_300%% hacker","all","","","b","","","","","0","","","","","","","","seconds","0","0","","",,,,,,,,,,,"93"
";GÃªnio(.+)","expert","ğŸ•µâ€â™€ï¸Medindo o quando o %capturing_group_1% e um gÃªnio<#>Ele Ã© %rndm_num_0_q100%% gÃªnio","all","","","b","","","","","0","","","","","","","","seconds","0","0","","",,,,,,,,,,,"94"
";botnews","none","ğŸ­ğ¯ğğ£ğš ğšğ¬ ğ®Ìğ¥ğ­ğ¢ğ¦ğšğ¬ ğ§ğ¨ğ­ğ¢Ìğœğ¢ğšğ¬ ğğ¨ ğ›ğ¨ğ­ ğ§ğ¨ ğ§ğ¨ğ¬ğ¬ğ¨ ğœğšğ§ğšğ¥\nhttps://whatsapp.com/channel/0029VarJFfTKrWQqdoJwLm21","single","","","b","","","","","0","","","","","","","","seconds","0","0","","",,,,,,,,,,,"95"
";americano(.+)","expert","ğŸ‡ºğŸ‡¸ medindo o quando o %capturing_group_1%e americano<#>Ele e%rndm_num_0_-100%% americano","all","","","b","","","","","0","","","","","","","","seconds","0","0","","",,,,,,,,,,,"96"
";menurpg","none","à¼» ğºğ‘Ÿğ‘’ğ‘”ğ‘œğ‘Ÿğ‘¦ ğµğ‘œğ‘¡ à¼º\nâœ¦ Prefixo: ;\nâœ¦ Criador: /void\nâœ¦ Dono: (+55 31 8463-4849)\nâœ¦ Ano: %year%\nâœ¦ MÃªs: %month_name%\nâœ¦ UsuÃ¡rio: %name%\nâœ¦ Grupo: %chat_name%\n\nğŸ“œğ¶ğ‘œğ‘šğ‘ğ‘›ğ‘‘ğ‘œğ‘ \n;ğ‘Ÿğ‘œğ‘¢ğ‘ğ‘ğ‘Ÿ \n;ğ‘šğ‘ğ‘ğ‘\n;ğ‘ğ‘™ğ‘ğ‘ ğ‘ ğ‘’ğ‘ \n;ğ‘ ğ‘ğ‘™ğ‘‘ğ‘œ\n;ğ‘ğ‘Ÿğ‘–ğ‘ğ‘Ÿğ‘ğ‘–ğ‘¥\n;ğ‘”ğ‘’ğ‘¡ğ‘›ğ‘–ğ‘ğ‘˜","single","","","b","","","","","0","","","","","","","","seconds","0","0","","",,,,,,,,,,,"97"
";mapa","none","ğŸ•µâ€â™€ï¸comando ainda estÃ¡ em desenvolvimento","single","","","b","","","","","0","","","","","","","","seconds","0","0","","",,,,,,,,,,,"98"
";classes","none","à¼» ğºğ‘Ÿğ‘’ğ‘”ğ‘œğ‘Ÿğ‘¦ ğµğ‘œğ‘¡ à¼º\nâœ¦ Prefixo: ;\nâœ¦ Criador: /void\nâœ¦ Dono: (+55 31 8463-4849)\nâœ¦ Ano: %year%\nâœ¦ MÃªs: %month_name%\nâœ¦ UsuÃ¡rio: %name%\nâœ¦ Grupo: %chat_name%\n\nğŸ“œğ‘ğ‘™ğ‘ğ‘ ğ‘ ğ‘’ğ‘  ğ‘‘ğ‘œ ğ‘ğ‘œğ‘¡\n;ğ‘šğ‘ğ‘”ğ‘œ\n;ğ‘ ğ‘œğ‘£ğ‘–ğ‘’Ìğ‘¡ğ‘–ğ‘ğ‘œ\n;ğ‘ ğ‘œğ‘™ğ‘‘ğ‘ğ‘‘ğ‘œ","single","","","b","","","","","0","","","","","","","","seconds","0","0","","",,,,,,,,,,,"99"
";soviÃ©tico","none","Â°Â´*â€¢.Â¸â™¡ ğ‚ğ¥ğšğ¬ğ¬ ğ¬ğ¨ğ¯ğ¢ğÌğ­ğ¢ğœğšâ™¡Â¸.â€¢*Â´Â°â—¦\n\nğğ¨ğğğ« ğŸğŸ•ğŸ—ğŸ—ğŸ\nğƒğšğ§ğ¨ ğŸğŸğŸ\nğ—ğ ğŸ’ğŸ—ğŸ","single","","","b","","","","","0","","","","","","","","seconds","0","0","","",,,,,,,,,,,"100"
"!menu","none","à¼’WÌ·EÌ·LÌ·CÌ·OÌ·MÌ·EÌ·à¼’\nã€ ğˆğğ…ğ ã€\nâ•­â•â•â•â•â•â•â•â•â•â•â•â•â•â•â•â•â•â•â•¯\nâ¤ÍŸÍÍŸÍ ê¦¿ğ™‰ğ™„ğ˜¾ğ™†: âáâƒŸâš”ï¸à¼˜ğ‘‰ğ‘‚ğ¼ğ·\nâ¤ÍŸÍÍŸÍ ê¦¿ğ˜¿ğ˜¼ğ™ğ˜¼: 18/12/24\nâ¤ÍŸÍÍŸÍ ê¦¿ğ™ƒğ™Šğ™ğ˜¼: 08:58:23\nâ¤ÍŸÍÍŸÍ ê¦¿ğ™‘ğ™„ğ™‹: Sim âœ…\nâ¤ÍŸÍÍŸÍ ê¦¿ğ™ğ™Šğ™ğ˜¼ğ™‡ ğ˜¿ğ™€\n    ğ™ğ™ğ™ğ˜¼Ìğ™ğ™„ğ™Šğ™ ->ã€ 24 ã€\nâ•°â•â•â•â•â•â•â•â•â•â•â•â•â•â•â•â•â•â•â•®\nã€ ğŒğ„ğğ”ğ’ ã€\nâ•­â•â•â•â•â•â•â•â•â•â•â•â•â•â•â•â•â•â•â•¯\n | à³ˆáÍ¡ÍœğŸ—ï¸ !menuadm\n | à³ˆáÍ¡ÍœğŸ¤ª !menuzoeira\n | à³ˆáÍ¡Íœâ¤ï¸â€ğŸ”¥ !menutinder\n | à³ˆáÍ¡ÍœğŸ® !menujogos\n | à³ˆáÍ¡ÍœğŸ§© !menuefeitos\n | à³ˆáÍ¡ÍœğŸ§¸ !menumods\n | à³ˆáÍ¡ÍœğŸ’ !menufigu\n | à³ˆáÍ¡ÍœğŸ˜ƒ !menuemoji\n | à³ˆáÍ¡ÍœğŸ’¿ !menudownloads\n | à³ˆáÍ¡ÍœğŸ“œ !menulogos\n | à³ˆáÍ¡ÍœğŸ¤‘ !menuvip\n | à³ˆáÍ¡ÍœğŸ” !menu+18\n | à³ˆáÍ¡ÍœğŸ”± !menudono\nâ•°â•â•â•â•â•â•â•â•â•â•â•â•â•â•â•â•â•â•â•® \nã€ ğˆğğ…ğâœ®ğ†ğ„ğ‘ğ€ğ‹ ã€\nâ•­â•â•â•â•â•â•â•â•â•â•â•â•â•â•â•â•â•â•â•¯\n | à³ˆáÍ¡ÍœğŸ“‹ !Infoblack\n | à³ˆáÍ¡ÍœğŸ“‹ !Infotransmitir\n | à³ˆáÍ¡ÍœğŸ“‹ !Infoaluguel\n | à³ˆáÍ¡ÍœğŸ“‹ !infovip\n | à³ˆáÍ¡ÍœğŸ“‹ !inforoleta\n | à³ˆáÍ¡ÍœğŸ“‹ !infomute\n | à³ˆáÍ¡ÍœğŸ“‹ !infomsg\n | à³ˆáÍ¡ÍœğŸ“‹ !Infomultiprefixo\n | à³ˆáÍ¡ÍœğŸ“‹ !Infobemvindo\n | à³ˆáÍ¡ÍœğŸ“‹ !InfopalavrÃ£o\n | à³ˆáÍ¡ÍœğŸ“‹ !Infolistanegra\n | à³ˆáÍ¡ÍœğŸ“‹ !Infobancarac\n | à³ˆáÍ¡ÍœğŸ“‹ !Infobanghost\n | à³ˆáÍ¡ÍœğŸ“‹ !Infosorteio \n | à³ˆáÍ¡ÍœğŸ“‹ !InfoanotaÃ§Ã£o\n | à³ˆáÍ¡ÍœğŸ“‹ !infocorreio\nâ•°â•â•â•â•â•â•â•â•â•â•â•â•â•â•â•â•â•â•â•®\nã€ ğ‚ğğŒğ€ğğƒğğ’ ã€\nâ•­â•â•â•â•â•â•â•â•â•â•â•â•â•â•â•â•â•â•â•¯\n | à³ˆáÍ¡Íœâ˜¯ï¸ !Lucas\n | à³ˆáÍ¡Íœâ˜¯ï¸ !Matty\n | à³ˆáÍ¡Íœâ˜¯ï¸ !Marcos\n | à³ˆáÍ¡Íœâ˜¯ï¸ !Katy\n | à³ˆáÍ¡Íœâ˜¯ï¸ !Jeff\n | à³ˆáÍ¡Íœâ˜¯ï¸ !clima\n | à³ˆáÍ¡Íœâ˜¯ï¸ !checkme\n | à³ˆáÍ¡Íœâ˜¯ï¸ !checkativo\n | à³ˆáÍ¡Íœâ˜¯ï¸ !tagme\n | à³ˆáÍ¡Íœâ˜¯ï¸ !lucas\n | à³ˆáÍ¡Íœâ˜¯ï¸ !frases\n | à³ˆáÍ¡Íœâ˜¯ï¸ !conselhos\n | à³ˆáÍ¡Íœâ˜¯ï¸ !infobot\n | à³ˆáÍ¡Íœâ˜¯ï¸ !ping\n | à³ˆáÍ¡Íœâ˜¯ï¸ !perfil\n | à³ˆáÍ¡Íœâ˜¯ï¸ !calcular 1+1\n | à³ˆáÍ¡Íœâ˜¯ï¸ !nick\n | à³ˆáÍ¡Íœâ˜¯ï¸ !gtts pt\n | à³ˆáÍ¡Íœâ˜¯ï¸ !idiomas \n | à³ˆáÍ¡Íœâ˜¯ï¸ !black\n | à³ˆáÍ¡Íœâ˜¯ï¸ !blackgp\n | à³ˆáÍ¡Íœâ˜¯ï¸ !blacksite\n | à³ˆáÍ¡Íœâ˜¯ï¸ !alugar\n | à³ˆáÍ¡Íœâ˜¯ï¸ !help\n | à³ˆáÍ¡Íœâ˜¯ï¸ !bug\n | à³ˆáÍ¡Íœâ˜¯ï¸ !sugestÃ£o\n | à³ˆáÍ¡Íœâ˜¯ï¸ !avalie\n | à³ˆáÍ¡Íœâ˜¯ï¸ !suporte\n | à³ˆáÍ¡Íœâ˜¯ï¸ !comandos-termux \n | à³ˆáÍ¡Íœâ˜¯ï¸ !comprarbot \nâ•°â•â•â•â•â•â•â•â•â•â•â•â•â•â•â•â•â•â•â•®","single","","","b","","","","","0","","","","","","","","seconds","0","1","","",,,,,,,,,,,"101"
";gerarcpf","none","ğŸŒ™CPF: 609.894.649-864<#>ğŸŒ™CPF: 778.618.696-613","random","","","b","","","","","0","","","","","","","","seconds","0","0","","",,,,,,,,,,,"102"
"https//","similar","âš”ï¸%first_name%e proibido mandar links aqui","single","","","b","","","","","0","","","","","","","","seconds","0","0","","",,,,,,,,,,,"103"
";cassino","none","ğŸª™ğŸ’°âš–ï¸\nVocÃª perdeu<#>ğŸª™ğŸª™ğŸª™\nvocÃª ganhou<#>ğŸ’°ğŸª™âš–ï¸ \nVocÃª perdeu<#>âš–ï¸ğŸª™âš–ï¸\nVocÃª perdeu<#>âš–ï¸âš–ï¸âš–ï¸ \nVocÃª ganhou<#>ğŸ’°ğŸ’°ğŸ’°\nVocÃª ganhou","random","","","b","","","","","0","","","","","","","","seconds","0","0","","",,,,,,,,,,,"104"
";trava","none","*ğŸ”¥ÃÃ˜ã„ˆÅ¤Ã˜å°º âš”ï¸Ò¨Î›ÃÆÆå°º627ğŸ”¥** â©à£§à£§à£§à£§à£§à£§à£§à£§à£§à£§à£§à£§à£§à£©à£§à£§à£§à£§à£§à£§à£©à£©à£©à£©à£©à£©à£©à£©à£©à£©à£©à£©à£©à£©à£©à£©à£©à£©à£©à£©ğŸ‘º*à£§à£§à£§à£§à£§à£§à£§à£§à£§à£§à£§à£§à£§à£§à£§à£©à£©à£©à£©à£©à£©à£©à£©à£©à£©à£©à£©à£©à£©à£©à£©à£©à£©à£©à£©à£©à£©à£©à£©Ì³Ì³Ì³Ì³Ì³Ì³Ì³Ì³Ì³Ì³Ì³Ì³Ì³Ì³Ì³Ì³Ì³Ì³Ì³Ì³ÍŒÍŒÍŒÍŒÍŒÍŒÍŒÍŒÍŒÍŒÍŒÍŒÍŒÍŒÍŒÍŒÍŒÍŒÍŒÍŒÍŒÍŒÍŒ *ğŸ˜ˆÍÍÍÍÍÍÍÍÍÍÍÍÍÍÍÍÍÍÍÍÍÛ—Û–Û–Û–Û—Û–Û—Û–Û—Û–Û–Û—Û–Û—Û–Û—Û–Û—Û–â‚…Û—Û–Û–Û—Û–Û–Û—Û–Û–Û—Û–Û–Û–Û–Û–Û—Û—Û—Û—* * â©à£§à£§à£§à£§à£§à£§à£§à£§à£§à£§à£§à£§à£§à£©à£§à£§à£§à£§à£§à£§à£©à£©à£©à£©à£©à£©à£©à£©à£©à£©à£©à£©à£©à£©à£©à£©à£©à£©à£©à£©ğŸ‘º*à£§à£§à£§à£§à£§à£§à£§à£§à£§à£§à£§à£§à£§à£§à£§à£©à£©à£©à£©à£©à£©à£©à£©à£©à£©à£©à£©à£©à£©à£©à£©à£©à£©à£©à£©à£©à£©à£©à£©Ì³Ì³Ì³Ì³Ì³Ì³Ì³Ì³Ì³Ì³Ì³Ì³Ì³Ì³Ì³Ì³Ì³Ì³Ì³Ì³ÍŒÍŒÍŒÍŒÍŒÍŒÍŒÍŒÍŒÍŒÍŒÍŒÍŒÍŒÍŒÍŒÍŒÍŒÍŒÍŒÍŒÍŒÍŒ *ğŸ˜ˆÍÍÍÍÍÍÍÍÍÍÍÍÍÍÍÍÍÍÍÍÍÛ—Û–Û–Û–Û—Û–Û—Û–Û—Û–Û–Û—Û–Û—Û–Û—Û–Û—Û–â‚…Û—Û–Û–Û—Û–Û–Û—Û–Û–Û—Û–Û–Û–Û–Û–Û—Û—Û—Û—* * â©à£§à£§à£§à£§à£§à£§à£§à£§à£§à£§à£§à£§à£§à£©à£§à£§à£§à£§à£§à£§à£©à£©à£©à£©à£©à£©à£©à£©à£©à£©à£©à£©à£©à£©à£©à£©à£©à£©à£©à£©ğŸ‘º*à£§à£§à£§à£§à£§à£§à£§à£§à£§à£§à£§à£§à£§à£§à£§à£©à£©à£©à£©à£©à£©à£©à£©à£©à£©à£©à£©à£©à£©à£©à£©à£©à£©à£©à£©à£©à£©à£©à£©Ì³Ì³Ì³Ì³Ì³Ì³Ì³Ì³Ì³Ì³Ì³Ì³Ì³Ì³Ì³Ì³Ì³Ì³Ì³Ì³ÍŒÍŒÍŒÍŒÍŒÍŒÍŒÍŒÍŒÍŒÍŒÍŒÍŒÍŒÍŒÍŒÍŒÍŒÍŒÍŒÍŒÍŒÍŒ *ğŸ˜ˆÍÍÍÍÍÍÍÍÍÍÍÍÍÍÍÍÍÍÍÍÍÛ—Û–Û–Û–Û—Û–Û—Û–Û—Û–Û–Û—Û–Û—Û–Û—Û–Û—Û–â‚…Û—Û–Û–Û—Û–Û–Û—Û–Û–Û—Û–Û–Û–Û–Û–Û—Û—Û—Û—* * â©à£§à£§à£§à£§à£§à£§à£§à£§à£§à£§à£§à£§à£§à£©à£§à£§à£§à£§à£§à£§à£©à£©à£©à£©à£©à£©à£©à£©à£©à£©à£©à£©à£©à£©à£©à£©à£©à£©à£©à£©ğŸ‘º*à£§à£§à£§à£§à£§à£§à£§à£§à£§à£§à£§à£§à£§à£§à£§à£©à£©à£©à£©à£©à£©à£©à£©à£©à£©à£©à£©à£©à£©à£©à£©à£©à£©à£©à£©à£©à£©à£©à£©Ì³Ì³Ì³Ì³Ì³Ì³Ì³Ì³Ì³Ì³Ì³Ì³Ì³Ì³Ì³Ì³Ì³Ì³Ì³Ì³ÍŒÍŒÍŒÍŒÍŒÍŒÍŒÍŒÍŒÍŒÍŒÍŒÍŒÍŒÍŒÍŒÍŒÍŒÍŒÍŒÍŒÍŒÍŒ \n\n\n\n\nğŸ‘º*à£§à£§à£§à£§à£§à£§à£§à£§à£§à£§à£§à£§à£§à£§à£§à£©à£©à£©à£©à£©à£©à£©à£©à£©à£©à£©à£©à£©à£©à£©à£©à£©à£©à£©à£©à£©à£©à£©à£©Ì³Ì³Ì³Ì³Ì³Ì³Ì³Ì³Ì³Ì³Ì³Ì³Ì³Ì³Ì³Ì³Ì³Ì³Ì³Ì³ÍŒÍŒÍŒÍŒÍŒÍŒÍŒÍŒÍŒÍŒÍŒÍŒÍŒÍŒÍŒÍŒÍŒÍŒÍŒÍŒÍŒÍŒÍŒ *ğŸ˜ˆÍÍÍÍÍÍÍÍÍÍÍÍÍÍÍÍÍÍÍÍÍÛ—Û–Û–Û–Û—Û–Û—Û–Û—Û–Û–Û—Û–Û—Û–Û—Û–Û—Û–â‚…Û—Û–Û–Û—Û–Û–Û—Û–Û–Û—Û–Û–Û–Û–Û–Û—Û—Û—Û—* * â©à£§à£§à£§à£§à£§à£§à£§à£§à£§à£§à£§à£§à£§à£©à£§à£§à£§à£§à£§à£§à£©à£©à£©à£©à£©à£©à£©à£©à£©à£©à£©à£©à£©à£©à£©à£©à£©à£©à£©à£©ğŸ‘º*à£§à£§à£§à£§à£§à£§à£§à£§à£§à£§à£§à£§à£§à£§à£§à£©à£©à£©à£©à£©à£©à£©à£©à£©à£©à£©à£©à£©à£©à£©à£©à£©à£©à£©à£©à£©à£©à£©à£©Ì³Ì³Ì³Ì³Ì³Ì³Ì³Ì³Ì³Ì³Ì³Ì³Ì³Ì³Ì³Ì³Ì³Ì³Ì³Ì³ÍŒÍŒÍŒÍŒÍŒÍŒÍŒÍŒÍŒÍŒÍŒÍŒÍŒÍŒÍŒÍŒÍŒÍŒÍŒÍŒÍŒÍŒÍŒ *ğŸ˜ˆÍÍÍÍÍÍÍÍÍÍÍÍÍÍÍÍÍÍÍÍÍÛ—Û–Û–Û–Û—Û–Û—Û–Û—Û–Û–Û—Û–Û—Û–Û—Û–Û—Û–â‚…Û—Û–Û–Û—Û–Û–Û—Û–Û–Û—Û–Û–Û–Û–Û–Û—Û—Û—Û—* * â©à£§à£§à£§à£§à£§à£§à£§à£§à£§à£§à£§à£§à£§à£©à£§à£§à£§à£§à£§à£§à£©à£©à£©à£©à£©à£©à£©à£©à£©à£©à£©à£©à£©à£©à£©à£©à£©à£©à£©à£©ğŸ‘º*à£§à£§à£§à£§à£§à£§à£§à£§à£§à£§à£§à£§à£§à£§à£§à£©à£©à£©à£©à£©à£©à£©à£©à£©à£©à£©à£©à£©à£©à£©à£©à£©à£©à£©à£©à£©à£©à£©à£©Ì³Ì³Ì³Ì³Ì³Ì³Ì³Ì³Ì³Ì³Ì³Ì³Ì³Ì³Ì³Ì³Ì³Ì³Ì³Ì³ÍŒÍŒÍŒÍŒÍŒÍŒÍŒÍŒÍŒÍŒÍŒÍŒÍŒÍŒÍŒÍŒÍŒÍŒÍŒÍŒÍŒÍŒÍŒ \n\n\n\n\n*nada de trava aprenda sobre a guerra da Paraguai*\n\n\nA Guerra do Paraguai (1864-1870) foi o maior conflito militar da AmÃ©rica do Sul, envolvendo o Paraguai contra a TrÃ­plice AlianÃ§a formada por Brasil, Argentina e Uruguai.\n\nCausas principais:\n\nDisputas territoriais e econÃ´micas na regiÃ£o do Rio da Prata.\n\nO Paraguai, liderado por Francisco Solano LÃ³pez, buscava consolidar-se como potÃªncia regional.\n\nInterferÃªncia do Brasil e da Argentina na polÃ­tica do Uruguai, o que contrariava os interesses paraguaios.\n\n\nDesenvolvimento:\n\nO Paraguai invadiu territÃ³rios do Brasil e da Argentina em 1864-1865.\n\nA TrÃ­plice AlianÃ§a foi formada em resposta, com apoio financeiro e militar do Brasil.\n\nHouve batalhas sangrentas, como as de Riachuelo, Tuiuti e Lomas Valentinas.\n\n\nConsequÃªncias:\n\nO Paraguai foi devastado, com enormes perdas populacionais e econÃ´micas.\n\nFrancisco Solano LÃ³pez foi morto em 1870, encerrando a guerra.\n\nO Brasil emergiu como potÃªncia regional, mas sofreu perdas humanas e econÃ´micas significativas.\n\n\nA guerra marcou profundamente a histÃ³ria da AmÃ©rica do Sul, deixando cicatrizes polÃ­ticas e sociais na regiÃ£o.","single","","","b","","","","","0","","","","","","","","seconds","0","0","","",,,,,,,,,,,"105"
".roubarnick (.+)","expert","ğŸ’° roubando o Nick<#>%capturing_group_1%<#>âš”ï¸Nick roubado com sucesso","all","","","b","","","","","0","","","","","","","","seconds","0","0","","",,,,,,,,,,,"106"
";canalbot","none","âš”ï¸ canal oficial do bot\n\nLink\nhttps://whatsapp.com/channel/0029VarJFfTKrWQqdoJwLm21","single","","","b","","","","","0","","","","","","","","seconds","0","0","","",,,,,,,,,,,"108"
";grupobot","none","âš”ï¸ link do grupo oficial do bot\n\nhttps://chat.whatsapp.com/Ltd51WH0yYl8pjarnNctEH","single","","","b","","","","","0","","","","","","","","seconds","0","0","","",,,,,,,,,,,"109"
";saldo","none","ğŸ•µâ€â™€ï¸olÃ¡ %first_name%\n\nVocÃª tem %rndm_num_0_1000% r$","single","","","b","","","","","0","","","","","","","","seconds","0","0","","",,,,,,,,,,,"110"
";criarpix","none","ğŸ”‘Sua chave Pix e \n`K49E8U7Y@0001`<#>ğŸ”‘Sua chave Pix e \n\n`R63G5T4D@0001`<#>ğŸ”‘Sua chave Pix e \n`E21C9A8G@0001","random","","","b","","","","","0","","","","","","","","seconds","0","0","","",,,,,,,,,,,"111"
";getnick (.+)","expert","Nick do usuÃ¡rio para vocÃª copiar<#>%capturing_group_1%","all","","","b","","","","","0","","","","","","","","seconds","0","0","","",,,,,,,,,,,"112"
";sÃ­mbolonull","none","â€â€â€â€â€â€â€â€â€â€â€â€â€â€â€â€â€â€â€â€â€â€â€â€â€â€â€â€â€â€â€â€â€â€â€â€â€â€â€â€â€â€â€â€â€â€â€â€â€â€â€â€â€â€â€â€â€â€â€â€â€â€â€â€â€â€â€â€â€â€â€â€â€â€â€â€â€â€â€â€â€â€â€â€â€â€â€â€â€â€â€â€â€â€â€â€â€â€â€â€â€â€â€â€â€â€â€â€â€â€â€â€â€â€â€â€â€â€â€â€â€â€â€â€â€â€â€â€â€â€â€â€â€â€â€â€â€â€â€â€â€â€â€â€â€â€â€â€â€â€â€â€â€â€â€â€â€â€â€â€â€â€â€â€â€â€â€â€â€â€â€â€â€â€â€â€â€â€â€â€â€â€â€â€â€â€â€â€â€â€â€â€â€â€â€â€â€â€â€â€â€â€â€â€â€â€â€â€â€â€â€â€â€â€â€â€â€â€â€â€â€â€â€â€â€â€â€â€â€â€â€â€â€â€â€â€â€â€â€â€â€â€â€â€â€â€â€â€â€â€â€â€â€â€â€â€â€â€â€â€â€â€â€â€â€â€â€â€â€â€â€â€â€â€â€â€â€â€â€â€â€â€â€â€â€â€â€â€â€â€â€â€â€â€â€â€â€â€â€â€â€â€â€â€â€â€â€â€â€â€â€â€â€â€â€â€â€â€â€â€â€â€â€â€â€â€â€â€â€â€â€â€â€â€â€â€â€â€â€â€â€â€â€â€â€â€â€â€â€â€â€â€â€â€â€â€â€â€â€â€â€â€â€â€â€â€â€â€â€â€â€â€â€â€â€â€â€â€â€â€â€â€â€â€â€â€â€â€â€â€â€â€â€â€â€â€â€â€â€â€â€â€â€â€â€â€â€â€â€â€â€â€â€â€â€â€â€â€â€â€â€â€â€â€â€â€â€â€â€â€â€â€â€â€â€â€â€â€â€â€â€â€â€â€â€â€â€â€â€â€â€â€â€â€â€â€â€â€â€â€â€â€â€â€â€â€â€â€â€â€â€â€â€â€â€â€â€â€â€â€â€â€â€â€â€â€â€â€â€â€â€â€â€â€â€â€â€â€â€â€â€â€â€â€â€â€â€â€â€â€â€â€â€â€â€â€â€â€â€â€â€â€â€â€â€â€â€â€â€â€â€â€â€â€â€â€â€â€â€â€â€â€â€â€â€â€â€â€â€â€â€â€â€â€â€â€â€â€â€â€â€â€â€â€â€â€â€â€â€â€â€â€â€â€â€â€â€â€â€â€â€â€â€â€â€â€â€â€â€â€â€â€â€â€â€â€â€â€â€â€â€â€â€â€â€â€â€â€â€â€â€â€â€â€â€â€â€â€â€â€â€â€â€â€â€â€â€â€â€â€â€â€â€â€â€â€â€â€â€â€â€â€â€â€â€â€â€â€â€â€â€â€â€â€â€â€â€â€â€â€â€â€â€â€â€â€â€â€â€â€â€â€â€â€â€â€â€â€â€â€â€â€â€â€â€â€â€â€â€â€â€â€â€â€â€â€â€â€â€â€â€â€â€â€â€â€â€â€â€â€â€â€â€â€â€â€â€â€â€â€â€â€â€â€â€â€â€â€â€â€â€â€â€â€â€â€â€â€â€â€â€â€â€â€â€â€â€â€â€â€â€â€â€â€â€â€â€â€â€â€â€â€â€â€â€â€â€â€â€â€â€â€â€â€â€â€â€â€â€â€â€â€â€â€â€â€â€â€â€â€â€â€â€â€â€â€â€â€â€â€â€â€â€â€â€â€â€â€â€â€â€â€â€â€â€â€â€â€â€â€â€â€â€â€â€â€â€â€â€â€â€â€â€â€â€â€â€â€â€â€â€â€â€â€â€â€â€â€â€â€â€â€â€â€â€â€â€â€â€â€â€â€â€â€â€â€â€â€â€â€â€â€â€â€â€â€â€â€â€â€â€â€â€â€â€â€â€â€â€â€â€â€â€â€â€â€â€â€â€â€â€â€â€â€â€â€â€â€â€â€â€â€â€â€â€â€â€â€â€â€â€â€â€â€â€â€â€â€â€â€â€â€â€â€â€â€â€â€â€â€â€â€â€â€â€â€â€â€â€â€â€â€â€â€â€â€â€â€â€â€â€â€â€â€â€â€â€â€â€â€â€â€â€â€â€â€â€â€â€â€â€â€â€â€â€â€â€â€â€â€â€â€â€â€â€â€â€â€â€â€â€â€â€â€â€â€â€â€â€â€â€â€â€â€â€â€â€â€â€â€â€â€â€â€â€â€â€â€â€â€â€â€â€â€â€â€â€â€â€â€â€â€â€â€â€â€â€â€â€â€â€â€â€â€â€â€â€â€â€â€â€â€â€â€â€â€â€â€â€â€â€â€â€â€â€â€â€â€â€â€â€â€â€â€â€â€â€â€â€â€â€â€â€â€â€â€â€â€â€â€â€â€â€â€â€â€â€â€â€â€â€â€â€â€â€â€â€â€â€â€â€â€â€â€â€â€â€â€â€â€â€â€â€â€â€â€â€â€â€â€â€â€â€â€â€â€â€â€â€â€â€â€â€â€â€â€â€â€â€â€â€â€â€â€â€â€â€â€â€â€â€â€â€â€â€â€â€â€â€â€â€â€â€â€â€â€â€â€â€â€â€â€â€â€â€â€â€â€â€â€â€â€â€â€â€â€â€â€â€â€â€â€â€â€â€â€â€â€â€â€â€â€â€â€â€â€â€â€â€â€â€â€â€â€â€â€â€â€â€â€â€â€â€â€â€â€â€â€â€â€â€â€â€â€â€â€â€â€â€â€â€â€â€â€â€â€â€â€â€â€â€â€â€â€â€â€â€â€â€â€â€â€â€â€â€â€â€â€â€â€â€â€â€â€â€â€â€â€â€â€â€â€â€â€â€â€â€â€â€â€â€â€â€â€â€â€â€â€â€â€â€â€â€â€â€â€â€â€â€â€â€â€â€â€â€â€â€â€â€â€â€â€â€â€â€â€â€â€â€â€â€â€â€â€â€â€â€â€â€â€â€â€â€â€â€â€â€â€â€â€â€â€â€â€â€â€â€â€â€â€â€â€â€â€â€â€â€â€â€â€â€â€â€â€â€â€â€â€â€â€â€â€â€â€â€â€â€â€â€â€â€â€â€â€â€â€â€â€â€â€â€â€â€â€â€â€â€â€â€â€â€â€â€â€â€â€â€â€â€â€â€â€â€â€â€â€â€â€â€â€â€â€â€â€â€â€â€â€â€â€â€â€â€â€â€â€â€â€â€â€â€â€â€â€â€â€â€â€â€â€â€â€â€â€â€â€â€â€â€â€â€â€â€â€â€â€â€â€â€â€â€â€â€â€â€â€â€â€â€â€â€â€â€â€â€â€â€â€â€â€â€â€â€â€â€â€â€â€â€â€â€â€â€â€â€â€â€â€â€â€â€â€â€â€â€â€â€â€â€â€â€â€â€â€â€â€â€â€â€â€â€â€â€â€â€â€â€â€â€â€â€â€â€â€â€â€â€â€â€â€â€â€â€â€â€â€â€â€â€â€â€â€â€â€â€â€â€â€â€â€â€â€â€â€â€â€â€â€â€â€â€â€â€â€â€â€â€â€â€â€â€â€â€â€â€â€â€â€â€â€â€â€â€â€â€â€â€â€â€â€â€â€â€â€â€â€â€â€â€â€â€â€â€â€â€â€â€â€â€â€â€â€â€â€â€â€â€â€â€â€â€â€â€â€â€â€â€â€â€â€â€â€â€â€â€â€â€â€â€â€â€â€â€â€â€â€â€â€â€â€â€â€â€â€â€â€â€â€â€â€â€â€â€â€â€â€â€â€â€â€â€â€â€â€â€â€â€â€â€â€â€â€â€â€â€â€â€â€â€â€â€â€â€â€â€â€â€â€â€â€â€â€â€â€â€â€â€â€â€â€â€â€â€â€â€â€â€â€â€â€â€â€â€â€â€â€â€â€â€â€â€â€â€â€â€â€â€â€â€â€â€â€â€â€â€â€â€â€â€â€â€â€â€â€â€â€â€â€â€â€â€â€â€â€â€â€â€â€â€â€â€â€â€â€â€â€â€â€â€â€â€â€â€â€â€â€â€â€â€â€â€â€â€â€â€â€â€â€â€â€â€â€â€â€â€â€â€â€â€â€â€â€â€â€â€â€â€â€â€â€â€â€â€â€â€â€â€â€â€â€â€â€â€â€â€â€â€â€â€â€â€â€â€â€â€â€â€â€â€â€â€â€â€â€â€â€â€â€â€â€â€â€â€â€â€â€â€â€â€â€â€â€â€â€â€â€â€â€â€â€â€â€â€â€â€â€â€â€â€â€â€â€â€â€â€â€â€â€â€â€â€â€â€â€â€â€â€â€â€â€â€â€â€â€â€â€â€â€â€â€â€â€â€â€â€â€â€â€â€â€â€â€â€â€â€â€â€â€â€â€â€â€â€â€â€â€â€â€â€â€â€â€â€â€â€â€â€â€â€â€â€â€â€â€â€â€â€â€â€â€â€â€â€â€â€â€â€â€â€â€â€â€â€â€â€â€â€â€â€â€â€â€â€â€â€â€â€â€â€â€â€â€â€â€â€â€â€â€â€â€â€â€â€â€â€â€â€â€â€â€â€â€â€â€â€â€â€â€â€â€â€â€â€â€â€â€â€â€â€â€â€â€â€â€â€â€â€â€â€â€â€â€â€â€â€â€â€â€â€â€â€â€â€â€â€â€â€â€â€â€â€â€â€â€â€â€â€â€â€â€â€â€â€â€â€â€â€â€â€â€â€â€â€â€â€â€â€â€â€â€â€â€â€â€â€â€â€â€â€â€â€â€â€â€â€â€â€â€â€â€â€â€â€â€â€â€â€â€â€â€â€â€â€â€â€â€â€â€â€â€â€â€â€â€â€â€â€â€â€â€â€â€â€â€â€â€â€â€â€â€â€â€â€â€â€â€â€â€â€â€â€â€â€â€â€â€â€â€â€â€â€â€â€â€â€â€â€â€â€â€â€â€â€â€â€â€â€â€â€â€â€â€â€â€â€â€â€â€â€â€â€â€â€â€â€â€â€â€â€â€â€â€â€â€â€â€â€â€â€â€â€â€â€â€â€â€â€â€â€â€â€â€â€â€â€â€â€â€â€â€â€â€â€â€â€â€â€â€â€â€â€â€â€â€â€â€â€â€â€â€â€â€â€â€â€â€â€â€â€â€â€â€â€â€â€â€â€â€â€â€â€â€â€â€â€â€â€â€â€â€â€â€â€â€â€â€â€â€â€â€â€â€â€â€â€â€â€â€â€â€â€â€â€â€â€â€â€â€â€â€â€â€â€â€â€â€â€â€â€â€â€â€â€â€â€â€â€â€â€â€â€â€â€â€â€â€â€â€â€â€â€â€â€â€â€â€â€â€â€â€â€â€â€â€â€â€â€â€â€â€â€â€â€â€â€â€â€â€â€â€â€â€â€â€â€â€â€â€â€â€â€â€â€â€â€â€â€â€â€â€â€â€â€â€â€â€â€â€â€â€â€â€â€â€â€â€â€â€â€â€â€â€â€â€â€â€â€â€â€â€â€â€â€â€â€â€â€â€â€â€â€â€â€â€â€â€â€â€â€â€â€â€â€â€â€â€â€â€â€â€â€â€â€â€â€â€â€â€â€â€â€â€â€â€â€â€â€â€â€â€â€â€â€â€â€â€â€â€â€â€â€â€â€â€â€â€â€â€â€â€â€â€â€â€â€â€â€â€â€â€â€â€â€â€â€â€â€â€â€â€â€â€â€â€â€â€â€â€â€â€â€â€â€â€â€â€â€â€â€â€â€â€â€â€â€â€â€â€â€â€â€â€â€â€â€â€â€â€â€â€â€â€â€â€â€â€â€â€â€â€â€â€â€â€â€â€â€â€â€â€â€â€â€â€â€â€â€â€â€â€â€â€â€â€â€â€â€â€â€â€â€â€â€â€â€â€â€â€â€â€â€â€â€â€â€â€â€â€â€â€â€â€â€â€â€â€â€â€â€â€â€â€â€â€â€â€â€â€â€â€â€â€â€â€â€â€â€â€â€â€â€â€â€â€â€â€â€â€â€â€â€â€â€â€â€â€â€â€â€â€â€â€â€â€â€â€â€â€â€â€â€â€â€â€â€â€â€â€â€â€â€â€â€â€â€â€â€â€â€â€â€â€â€â€â€â€â€â€â€â€â€â€â€â€â€â€â€â€â€â€â€â€â€â€â€â€â€â€â€â€â€â€â€â€â€â€â€â€â€â€â€â€â€â€â€â€â€â€â€â€â€â€â€â€â€â€â€â€â€â€â€â€â€â€â€â€â€â€â€â€â€â€â€â€â€â€â€â€â€â€â€â€â€â€â€â€â€â€â€â€â€â€â€â€â€â€â€â€â€â€â€â€â€â€â€â€â€â€â€â€â€â€â€â€â€â€â€â€â€â€â€â€â€â€â€â€â€â€â€â€â€â€â€â€â€â€â€â€â€â€â€â€â€â€â€â€â€â€â€â€â€â€â€â€â€â€â€â€â€â€â€â€â€â€â€â€â€â€â€â€â€â€â€â€â€â€â€â€â€â€â€â€â€â€â€â€â€â€â€â€â€â€â€â€â€â€â€â€â€â€â€â€â€â€â€â€â€â€â€â€â€â€â€â€â€â€â€â€â€â€â€â€â€â€â€â€â€â€â€â€â€â€â€â€â€â€â€â€â€â€â€â€â€â€â€â€â€â€â€â€â€â€â€â€â€â€â€â€â€â€â€â€â€â€â€â€â€â€â€â€â€â€â€â€â€â€â€â€â€â€â€â€â€â€â€â€â€â€â€â€â€â€â€â€â€â€â€â€â€â€â€â€â€â€â€â€â€â€â€â€â€â€â€â€â€â€â€â€â€â€â€â€â€â€â€â€â€â€â€â€â€â€â€â€â€â€â€â€â€â€â€â€â€â€â€â€â€â€â€â€â€â€â€â€â€â€â€â€â€â€â€â€â€â€â€â€â€â€â€â€â€â€â€â€â€â€â€â€â€â€â€â€â€â€â€â€â€â€â€â€â€â€â€â€â€â€â€â€â€â€â€â€â€â€â€â€â€â€â€â€â€â€â€â€â€â€â€â€â€â€â€â€â€â€â€â€â€â€â€â€â€â€â€â€â€â€â€â€â€â€â€â€â€â€â€â€â€â€â€â€â€â€â€â€â€â€â€â€â€â€â€â€â€â€â€â€â€â€â€â€â€â€â€â€â€â€â€â€â€â€â€â€â€â€â€â€â€â€â€â€â€â€â€â€â€â€â€â€â€â€â€â€â€â€â€â€â€â€â€â€â€â€â€â€â€â€â€â€â€â€â€â€â€â€â€â€â€â€â€â€â€â€â€â€â€â€â€â€â€â€â€â€â€â€â€â€â€â€â€â€â€â€â€â€â€â€â€â€â€â€â€â€â€â€â€â€â€â€â€â€â€â€â€â€â€â€â€â€â€â€â€â€â€â€â€â€â€â€â€â€â€â€â€â€â€â€â€â€â€â€â€â€â€â€â€â€â€â€â€â€â€â€â€â€â€â€â€â€â€â€â€â€â€â€â€â€â€â€â€â€â€â€â€â€â€â€â€â€â€â€â€â€â€â€â€â€â€â€â€â€â€â€â€â€â€â€â€â€â€â€â€â€â€â€â€â€â€â€â€â€â€â€â€â€â€â€â€â€â€â€â€â€â€â€â€â€â€â€â€â€â€â€â€â€â€â€â€â€â€â€â€â€â€â€â€â€â€â€â€â€â€â€â€â€â€â€â€â€â€â€â€â€â€â€â€â€â€â€â€â€â€â€â€â€â€â€â€â€â€â€â€â€â€â€â€â€â€â€â€â€â€â€â€â€â€â€â€â€â€â€â€â€â€â€â€â€â€â€â€â€â€â€â€â€â€â€â€â€â€â€â€â€â€â€â€â€â€â€â€â€â€â€â€â€â€â€â€â€â€â€â€â€â€â€â€â€â€â€â€â€â€â€â€â€â€â€â€â€â€â€â€â€â€â€â€â€â€â€â€â€â€â€â€â€â€â€â€â€â€â€â€â€â€â€â€â€â€â€â€â€â€â€â€â€â€â€â€â€â€â€â€â€â€â€â€â€â€â€â€â€â€â€â€â€â€â€â€â€â€â€â€â€â€â€â€â€â€â€â€â€â€â€â€â€â€â€â€â€â€â€â€â€â€â€â€â€â€â€â€â€â€â€â€â€â€â€â€â€â€â€â€â€â€â€â€â€â€â€â€â€â€â€â€â€â€â€â€â€â€â€â€â€â€â€â€â€â€â€â€â€â€â€â€â€â€â€â€â€â€â€â€â€â€â€â€â€â€â€â€â€â€â€â€â€â€â€â€â€â€â€â€â€â€â€â€â€â€â€â€â€â€â€â€â€â€â€â€â€â€â€â€â€â€â€â€â€â€â€â€â€â€â€â€â€â€â€â€â€â€â€â€â€â€â€â€â€â€â€â€â€â€â€â€â€â€â€â€â€â€â€â€â€â€â€â€â€â€â€â€â€â€â€â€â€â€â€â€â€â€â€â€â€â€â€â€â€â€â€â€â€â€â€â€â€â€â€â€â€â€â€â€â€â€â€â€â€â€â€â€â€â€â€â€â€â€â€â€â€â€â€â€â€â€â€â€â€â€â€â€â€â€â€â€â€â€â€â€â€â€â€â€â€â€â€â€â€â€â€â€â€â€â€â€â€â€â€â€â€â€â€â€â€â€â€â€â€â€â€â€â€â€â€â€â€â€â€â€â€â€â€â€â€â€â€â€â€â€â€â€â€â€â€â€â€â€â€â€â€â€â€â€â€â€â€â€â€â€â€â€â€â€â€â€â€â€â€â€â€â€â€â€â€â€â€â€â€â€â€â€â€â€â€â€â€â€â€â€â€â€â€â€â€â€â€â€â€â€â€â€â€â€â€â€â€â€â€â€â€â€â€â€","single","","","b","","","","","0","","","","","","","","seconds","0","0","","",,,,,,,,,,,"113"
";YouTube (.+)","expert","ğŸ“½ï¸VideoğŸ“½ï¸\nhttps://m.youtube.com/results?sp=mAEA&search_query=%capturing_group_1%","single","","","b","","","","","0","","","","","","","","seconds","0","0","","",,,,,,,,,,,"114"
";WikipÃ©dia (.+)","expert","ğŸ“‚ aqui estÃ¡ seu artigo\n\nhttps://pt.m.wikipedia.org/wiki/%capturing_group_1%","single","","","b","","","","","0","","","","","","","","seconds","0","0","","",,,,,,,,,,,"115"
";cd apps","none","ğŸ“‚ pasta de apps\n\nğ¼Ìğ‘ğ‘–ğ‘  ğ‘ğ‘ğ‘›ğ‘¡\nhttps://www.mediafire.com/file/6elmi38bthg8nk6/Ibis-Paint-X-9.1.1-Mod-wist.apk/file\n\n\nğºğ‘Ÿğ‘’ğ‘”ğ‘œğ‘Ÿğ‘¦ ğ‘ğ‘œğ‘¡ ğ‘†ğ‘¦ğ‘ ğ‘¡ğ‘’ğ‘š","single","","","b","","","","","0","","","","","","","","seconds","0","0","","",,,,,,,,,,,"116"
